Ticker Symbol,For Year,After Tax ROE,Gross Margin,Operating Margin,Pre-Tax Margin,Pre-Tax ROE,Profit Margin,Cash and Cash Equivalents,Cost of Revenue,Earnings Before Interest and Tax,Fixed Assets,Gross Profit,Liabilities,Long-Term Debt,Net Cash Flow,Net Cash Flow-Operating,Net Income Adjustments,Net Income-Cont. Operations,Retained Earnings,Sale and Purchase of Stock,Total Assets,Total Equity,Total Liabilities,Total Revenue
AAL,2015,135,73,15,11,82,19,1085000000,11096000000,5496000000,27510000000,29894000000,-633000000,18330000000,-604000000,6249000000,-2662000000,7610000000,-1230000000,-3846000000,48415000000,5635000000,42780000000,40990000000
AAP,2015,19,45,8,8,31,5,90782000,5314246000,818296000,1434577000,4422772000,174667000,1213161000,-13889000,689642000,30250000,473398000,2021077000,-1491000,8134565000,2460648000,5673917000,9737018000
AAPL,2015,45,40,30,31,61,23,21120000000,1.40E+11,72515000000,22471000000,93626000000,15188000000,53329000000,7276000000,81266000000,4968000000,53394000000,92284000000,-34710000000,2.90E+11,1.19E+11,1.71E+11,2.34E+11
ABBV,2015,130,80,33,29,168,23,8399000000,4500000000,7331000000,2565000000,18359000000,1503000000,29240000000,51000000,7535000000,1051000000,5144000000,2248000000,-7425000000,53050000000,3945000000,49105000000,22859000000
ABC,2015,22,3,0,0,44,0,2167442000,1.32E+11,378000000,1192510000,3529313000,5122127000,3739225000,358929000,3922228000,1577391000,-138165000,1164489000,-1665115000,27962982000,616386000,27346596000,1.36E+11
ABT,2015,21,57,14,16,15,22,5001000000,8747000000,3346000000,5732000000,11658000000,215000000,5871000000,938000000,2966000000,-2773000000,2606000000,25757000000,-1923000000,41247000000,21211000000,20036000000,20405000000
ADBE,2015,9,84,19,18,12,13,876560000,744317000,937965000,787421000,4051194000,350908000,1907231000,-240840000,1469502000,236773000,629551000,7253431000,-647103000,11726472000,7001580000,4724892000,4795511000
ADI,2015,14,66,24,24,16,20,884353000,1175830000,837144000,644110000,2259262000,89394000,495341000,315120000,907798000,-1366000,696878000,4437315000,-104322000,7058777000,5072959000,1985818000,3435092000
ADM,2015,10,6,3,3,13,3,6124000000,63682000000,2592000000,9853000000,4020000000,-1693000000,5779000000,-189000000,2481000000,-496000000,2239000000,16865000000,-2040000000,40157000000,17899000000,22242000000,67702000000
ADS,2015,30,30,20,14,46,9,1624601000,4482700000,1261860000,576706000,1957046000,98026000,10136018000,90885000,1705841000,638239000,596541000,3092464000,-1020923000,22421830000,2010030000,20411800000,6439746000
ADSK,2015,4,86,5,3,4,3,1410600000,342100000,120700000,159200000,2170100000,376000000,743100000,-442400000,708100000,165600000,81800000,499400000,-197000000,4909700000,2219200000,2690500000,2512200000
AEE,2015,9,43,21,16,14,10,292000000,3501000000,1303000000,18799000000,2597000000,-91000000,6880000000,287000000,2017000000,367000000,585000000,1331000000,-12000000,23640000000,6946000000,16694000000,6098000000
AEP,2015,11,55,20,16,15,12,283700000,7433500000,3496800000,46133200000,9019700000,87600000,17740900000,13900000,4748700000,319200000,1768600000,8398300000,81600000,61683100000,17891700000,43791400000,16453200000
AFL,2015,14,37,19,19,22,12,4350000000,13049000000,4151000000,427000000,7823000000,3488000000,5952000000,-308000000,6776000000,-140000000,2533000000,24007000000,-1279000000,1.18E+11,17708000000,1.01E+11,20872000000
AIG,2015,2,37,6,6,4,4,1629000000,36581000000,4562000000,0,21746000000,548000000,29350000000,-129000000,2877000000,153000000,2222000000,30943000000,-10691000000,4.97E+11,89658000000,4.07E+11,58327000000
AIV,2015,15,63,26,7,4,25,137745000,365248000,263551000,5529461000,616062000,-22334000,0,21818000,359891000,-201864000,91390000,-2596917000,339580000,6144194000,1622391000,4521803000,981310000
AIZ,2015,3,16,2,2,4,1,1288305000,8666624000,256297000,298414000,1658870000,294043000,1391801000,-30351000,254572000,-15593000,141555000,4856674000,-292906000,30036402000,4523967000,25512435000,10325494000
AJG,2015,10,100,5,5,8,7,1892500000,0,396500000,249000000,5392400000,605900000,4948800000,166000000,652600000,-109400000,389100000,774500000,163400000,10910500000,3638300000,7272200000,5392400000
AKAM,2015,10,67,21,21,15,15,289473000,725620000,475149000,753180000,1471828000,54503000,624288000,50823000,764151000,107278000,321406000,-1276861000,-240815000,4187925000,3120878000,1067047000,2197448000
ALB,2015,10,33,12,10,11,9,213734000,2454463000,490909000,2484738000,1196872000,-73151000,3174674000,-2276034000,360689000,-160791000,360064000,1615407000,-4267000,9615014000,3254392000,6360622000,3651335000
ALK,2015,35,65,23,23,54,15,73000000,1935000000,1320000000,4802000000,3663000000,131000000,571000000,-34000000,1584000000,25000000,848000000,2890000000,-505000000,6533000000,2411000000,4122000000,5598000000
ALL,2015,11,36,9,9,16,6,495000000,22837000000,3574000000,1024000000,12816000000,1111000000,5124000000,-162000000,3616000000,728000000,2171000000,39413000000,-2678000000,1.05E+11,20025000000,84631000000,35653000000
ALLE,2015,601,42,17,10,818,7,199700000,1199000000,262200000,224800000,869100000,-17200000,1457500000,-90800000,257000000,91400000,154700000,232400000,-19000000,2263000000,25600000,2237400000,2068100000
ALXN,2015,2,91,21,19,6,6,1010000000,233000000,546000000,697000000,2371000000,-154000000,3405000000,66000000,675000000,779000000,144000000,1181000000,-250000000,13097000000,8259000000,4838000000,2604000000
AMAT,2015,18,41,18,17,21,14,4797000000,5707000000,1701000000,892000000,3952000000,-334000000,3342000000,1795000000,1163000000,50000000,1377000000,13967000000,-1237000000,15308000000,7613000000,7695000000,9659000000
AME,2015,18,36,23,20,25,15,381005000,2549280000,898175000,484548000,1425015000,-75009000,1556045000,3390000,672540000,30220000,590859000,3974793000,-396208000,6664530000,3254626000,3409904000,3974295000
AMG,2015,18,100,32,45,38,21,563800000,0,1139200000,114100000,2435900000,-42000000,1894800000,13200000,1204800000,208500000,804900000,2679300000,-476400000,7784800000,2837100000,4947700000,2435900000
AMGN,2015,25,80,39,37,28,32,4144000000,4227000000,9073000000,4907000000,17435000000,899000000,29182000000,413000000,9731000000,-431000000,6939000000,-2086000000,-1785000000,71449000000,28083000000,43366000000,21662000000
AMP,2015,22,81,21,18,30,13,5808000000,2261000000,2559000000,0,9939000000,576000000,2907000000,-281000000,2572000000,-116000000,1687000000,9551000000,-1470000000,1.45E+11,7217000000,1.38E+11,12200000000
AMT,2015,10,73,34,17,12,14,462879000,1308868000,1425911000,9866424000,3462648000,150984000,17068807000,7194000,2183052000,354073000,685074000,-998535000,4711190000,26904272000,6651679000,20252593000,4771516000
AMZN,2015,4,33,2,1,12,1,15890000000,71651000000,2027000000,21838000000,35355000000,12608000000,8227000000,1333000000,11920000000,2486000000,596000000,2545000000,0,64747000000,13384000000,51363000000,1.07E+11
AN,2015,19,16,4,3,31,2,74100000,17600500000,871900000,2667400000,3261500000,566700000,1745300000,-1300000,507200000,16200000,443700000,2702800000,-207300000,9548200000,2349300000,7198900000,20862000000
ANTM,2015,11,23,6,6,20,3,2113500000,61116900000,5284000000,2019800000,18039600000,735500000,15864500000,-38200000,4116000000,-79100000,2560000000,14778500000,-1329800000,61717800000,23044100000,38673700000,79156500000
AON,2015,23,100,16,14,28,12,384000000,0,1962000000,765000000,11682000000,-976000000,5737000000,10000000,2009000000,36000000,1422000000,4117000000,-1619000000,27164000000,6106000000,21058000000,11682000000
APA,2015,917,68,437,442,1100,369,1467000000,2065000000,-27927000000,14119000000,4318000000,-507000000,8777000000,698000000,2984000000,-2835000000,-22757000000,-7153000000,0,18842000000,2566000000,16276000000,6383000000
APC,2015,52,63,101,111,76,77,939000000,3185000000,-8864000000,33751000000,5513000000,-6205000000,15636000000,-6430000000,-1877000000,5767000000,-6692000000,4880000000,514000000,46331000000,12819000000,33512000000,8698000000
APD,2015,18,30,17,18,24,13,206400000,6939000000,1846200000,10095300000,2955900000,156200000,3949100000,-130200000,2446400000,-32300000,1324400000,10580400000,-157100000,17334500000,7249000000,10085500000,9894900000
APH,2015,24,32,20,19,33,14,1737200000,3789200000,1121100000,609500000,1779500000,35400000,2813200000,768300000,1030500000,28000000,763500000,2804400000,-184500000,7458400000,3238500000,4219900000,5568700000
ARNC,2015,3,20,3,1,2,1,1919000000,18069000000,746000000,14815000000,4465000000,-1199000000,9044000000,42000000,1582000000,1874000000,-322000000,8834000000,27000000,36528000000,12046000000,24482000000,22534000000
ATVI,2015,11,66,28,24,14,19,1823000000,1585000000,1319000000,189000000,3079000000,181000000,4079000000,-3025000000,1192000000,41000000,892000000,4096000000,106000000,15251000000,8068000000,7183000000,4664000000
AVB,2015,8,100,38,40,8,40,400507000,0,919209000,15942309000,1856028000,23113000,6555750000,-108953000,1056754000,-184892000,741733000,-197989000,674686000,16931305000,9840526000,7090779000,1856028000
AVGO,2015,29,52,24,21,31,20,1822000000,3271000000,1658000000,1460000000,3553000000,37000000,3826000000,218000000,2318000000,6000000,1391000000,2240000000,241000000,10515000000,4714000000,5801000000,6824000000
AVY,2015,28,28,9,7,42,5,158800000,4321100000,469400000,847900000,1645800000,29800000,963600000,-48400000,473700000,135100000,274400000,2277600000,-128300000,4133700000,965700000,3168000000,5966900000
AWK,2015,9,56,34,25,15,15,66000000,1404000000,782000000,13933000000,1755000000,23000000,6211000000,22000000,1179000000,333000000,476000000,-1073000000,-87000000,17241000000,5049000000,12180000000,3159000000
AXP,2015,25,0,0,23,38,15,26263000000,475000000,9086000000,4108000000,0,653000000,0,474000000,10972000000,2728000000,5163000000,9665000000,-3446000000,1.61E+11,20673000000,1.41E+11,34441000000
AYI,2015,16,42,14,13,25,8,756800000,1561100000,375100000,174600000,1145600000,82400000,352400000,204300000,288900000,6700000,222100000,1093000000,11600000,2407000000,1360000000,1047000000,2706700000
AZO,2015,68,52,19,18,106,11,175309000,4860309000,1953051000,3505632000,5327031000,366223000,4624876000,50824000,1525123000,11994000,1160241000,-1418738000,-1204699000,8102349000,-1701390000,9803739000,10187340000
BA,2015,82,15,8,7,113,5,11302000000,82088000000,7430000000,12076000000,14026000000,3949000000,8730000000,-431000000,9363000000,559000000,5176000000,38756000000,-6352000000,94408000000,6335000000,88073000000,96114000000
BAC,2015,6,0,0,24,9,17,6.13E+11,2204000000,31842000000,9485000000,0,730000000,1.05E+11,20764000000,27730000000,3340000000,16149000000,88564000000,590000000,2.14E+12,2.56E+11,1.89E+12,93056000000
BAX,2015,11,42,5,4,5,10,2213000000,5822000000,554000000,4386000000,4146000000,236000000,3935000000,-712000000,1647000000,-282000000,393000000,9683000000,200000000,20975000000,8846000000,12129000000,9968000000
BBBY,2015,33,38,12,11,52,7,515573000,7483577000,1414903000,1725043000,4620310000,-64362000,1500000000,-360001000,1012184000,113990000,841489000,10394865000,-1091476000,6498940000,2559540000,3939400000,12103887000
BBT,2015,8,0,0,28,11,20,47538000000,233000000,3419000000,2007000000,0,263000000,0,1386000000,2915000000,14000000,2084000000,13464000000,0,2.10E+11,27306000000,1.83E+11,10346000000
BBY,2015,25,22,4,3,28,3,2432000000,31292000000,1477000000,2462000000,9047000000,355000000,1572000000,-52000000,1935000000,-180000000,1246000000,4141000000,50000000,15245000000,4995000000,10250000000,40339000000
BCR,2015,9,62,25,10,24,4,1030900000,1301200000,394300000,472400000,2114800000,-217300000,1144100000,-9600000,798100000,707400000,135400000,-503500000,-440000000,4844000000,1455300000,3388700000,3416000000
BDX,2015,10,46,10,7,10,7,1424000000,5587000000,1110000000,4060000000,4695000000,173000000,11370000000,-436000000,1730000000,-170000000,695000000,12314000000,-27000000,26478000000,7164000000,19314000000,10282000000
BHI,2015,12,8,15,17,16,12,2324000000,14415000000,-2396000000,6693000000,1327000000,-1654000000,3890000000,584000000,1796000000,1172000000,-1967000000,9614000000,116000000,24080000000,16298000000,7782000000,15742000000
BIIB,2015,38,88,45,44,51,33,1308000000,1240400000,4767300000,2187600000,9523400000,-272000000,6521500000,148900000,3716100000,98000000,3547000000,12208400000,-4945800000,19504800000,9372800000,10132000000,10763800000
BK,2015,8,100,28,28,11,21,1.59E+11,0,4535000000,1379000000,14951000000,-852000000,26800000000,-433000000,4127000000,714000000,3158000000,19974000000,-1013000000,3.94E+11,38037000000,3.56E+11,14951000000
BLL,2015,22,19,8,4,28,4,224000000,6460300000,488700000,2685900000,1536700000,-18000000,5054200000,32600000,1006700000,278100000,302900000,4557500000,-99500000,9777000000,1251300000,8525700000,7997000000
BMY,2015,11,76,11,13,15,9,2385000000,3909000000,2077000000,4412000000,12651000000,-654000000,6550000000,-3186000000,1832000000,853000000,1565000000,31613000000,266000000,31748000000,14266000000,17482000000,16560000000
BSX,2015,4,71,4,9,10,3,319000000,2173000000,-366000000,1490000000,5304000000,317000000,5674000000,-268000000,600000000,-246000000,-239000000,-8927000000,114000000,18133000000,6320000000,11813000000,7477000000
BWA,2015,17,21,12,11,25,8,577700000,6320100000,947200000,2448100000,1703100000,57700000,2108900000,-220100000,867900000,82800000,609700000,4210100000,-346100000,8825700000,3553700000,5272000000,8023200000
BXP,2015,10,64,34,32,14,23,723718000,904336000,1231384000,15555641000,1586485000,-103857000,9216513000,-1039361000,799411000,-380794000,583106000,-780952000,-105628000,18379456000,5709435000,12670021000,2490821000
C,2015,8,100,35,36,11,25,3.53E+11,0,36747000000,0,68024000000,-29866000000,3.19E+11,-11208000000,39737000000,6320000000,17386000000,1.34E+11,347000000,1.73E+12,2.22E+11,1.51E+12,68024000000
CAG,2015,6,24,11,8,22,2,164700000,9061400000,1330300000,7130600000,2875600000,2800000,6888800000,0,1480600000,1072100000,760300000,4331100000,103800000,17437800000,4526000000,12911800000,11937000000
CAH,2015,19,6,2,2,31,1,4616000000,96819000000,2108000000,1506000000,5712000000,2101000000,5211000000,1751000000,2540000000,422000000,1212000000,5521000000,-1036000000,30142000000,6256000000,23886000000,1.03E+11
CAT,2015,17,27,8,7,23,5,6460000000,34133000000,3946000000,16090000000,12878000000,-2400000000,25169000000,-881000000,6675000000,325000000,2512000000,29246000000,-1992000000,78342000000,14809000000,63533000000,47011000000
CB,2015,10,32,17,17,11,15,1775000000,12968000000,3596000000,0,6019000000,850000000,13717000000,1120000000,3864000000,533000000,2834000000,19478000000,-627000000,1.02E+11,29135000000,73231000000,18987000000
CBG,2015,20,10,8,8,32,5,613167000,9716541000,998610000,529823000,1139269000,320914000,2645111000,-200481000,651897000,-196242000,558877000,2088227000,-11089000,11017943000,2712652000,8305291000,10855810000
CCI,2015,21,64,26,13,7,42,309541000,1321426000,1000957000,9580057000,2342425000,320625000,12143019000,3190000,1794025000,-25610000,525286000,-2458397000,-29657000,22036245000,7089221000,14947024000,3663851000
CCL,2015,7,40,16,11,8,11,1395000000,9447000000,2016000000,31818000000,6267000000,359000000,7413000000,1064000000,4545000000,663000000,1757000000,20060000000,-269000000,39237000000,23771000000,15466000000,15714000000
CELG,2015,27,95,24,22,34,17,4880300000,420100000,2334100000,814100000,8835900000,625300000,14161400000,758700000,2483900000,536100000,1602000000,8074400000,-3013700000,26964400000,5919000000,21045400000,9256000000
CERN,2015,14,83,18,18,20,12,402122000,750781000,781380000,1309214000,3674486000,23109000,563353000,-233081000,947526000,135366000,539362000,3457843000,-293582000,5561984000,3870384000,1691600000,4425267000
CF,2015,16,36,28,25,26,15,308800000,2761200000,1190800000,8539000000,1547100000,-270000000,5592700000,-1710600000,1203700000,284400000,664900000,3057900000,-547900000,12738900000,4035200000,8703700000,4308300000
CFG,2015,4,0,0,24,6,16,27516000000,237000000,1478000000,595000000,0,-161000000,485000000,-191000000,1229000000,529000000,840000000,1913000000,-253000000,1.38E+11,19646000000,1.19E+11,5276000000
CHD,2015,20,45,20,19,31,12,330000000,1883000000,665900000,609600000,1511800000,51500000,692800000,-93000000,606100000,73800000,404600000,2650000000,-334600000,4256900000,2023200000,2233700000,3394800000
CHK,2015,687,19,148,150,893,115,825000000,10295000000,-18781000000,14298000000,2469000000,-2220000000,10354000000,-3283000000,1234000000,14674000000,-14685000000,-13202000000,-143000000,17357000000,2138000000,14960000000,12764000000
CHRW,2015,44,17,6,6,72,4,168229000,11207604000,858310000,190874000,2268480000,-25358000,500000000,39289000,718336000,59513000,509699000,2922620000,-214306000,3184358000,1150450000,2033908000,13476084000
CHTR,2015,589,34,11,3,720,3,5000000,6426000000,975000000,8345000000,3328000000,319000000,35723000000,2000000,2359000000,184000000,-399000000,-2061000000,-8000000,39316000000,-46000000,39362000000,9754000000
CI,2015,17,39,9,9,28,6,1968000000,23290000000,3327000000,1534000000,14586000000,1055000000,5169000000,548000000,2717000000,-36000000,2077000000,12121000000,-517000000,57088000000,12035000000,45053000000,37876000000
CINF,2015,10,18,17,17,14,12,544000000,4195000000,934000000,185000000,947000000,246000000,856000000,-47000000,1064000000,10000000,634000000,4762000000,-29000000,18888000000,6427000000,12461000000,5142000000
CL,2015,463,59,17,17,924,9,970000000,6635000000,2763000000,3796000000,9399000000,-67000000,6269000000,-119000000,2949000000,1074000000,1384000000,18861000000,-1204000000,11958000000,-299000000,12257000000,16034000000
CLX,2015,492,44,18,16,781,10,382000000,3190000000,1021000000,918000000,2465000000,122000000,1796000000,53000000,874000000,0,606000000,1923000000,-183000000,4164000000,118000000,4046000000,5655000000
CMA,2015,7,0,0,27,10,18,18647000000,43000000,802000000,550000000,0,-35000000,0,76000000,862000000,159000000,521000000,7084000000,-228000000,71877000000,7560000000,64317000000,2819000000
CME,2015,6,100,58,61,10,39,1692600000,0,2074200000,491700000,3209400000,-121200000,2241400000,326500000,1515300000,189300000,1347000000,2907600000,64000000,67371500000,20551800000,46819700000,3209400000
CMG,2015,22,26,17,17,36,11,248005000,3326936000,769867000,1217220000,1174287000,16911000,0,-171460000,683316000,8888000,475602000,2197873000,-460882000,2725066000,2127974000,597092000,4501223000
CMI,2015,19,26,11,11,27,7,1711000000,14163000000,2090000000,3745000000,4947000000,-70000000,1576000000,-590000000,2059000000,73000000,1714000000,10322000000,-910000000,15134000000,7406000000,7728000000,19110000000
CMS,2015,14,34,18,12,20,8,285000000,4281000000,1196000000,14705000000,2175000000,-26000000,8518000000,39000000,1640000000,143000000,537000000,-855000000,43000000,20299000000,3938000000,16324000000,6456000000
CNC,2015,16,24,3,3,32,2,1760000000,17242000000,740000000,518000000,5518000000,599000000,1428000000,150000000,658000000,48000000,358000000,1358000000,-29000000,7339000000,2157000000,5182000000,22760000000
CNP,2015,20,31,13,15,33,9,264000000,5109000000,-673000000,11537000000,2277000000,-276000000,7901000000,-34000000,1865000000,1323000000,-2325000000,0,0,21334000000,3461000000,17873000000,7386000000
COF,2015,9,0,0,23,12,16,71703000000,1091000000,6415000000,3584000000,0,620000000,0,781000000,10127000000,4427000000,4012000000,27045000000,-773000000,3.34E+11,47284000000,2.87E+11,25038000000
COG,2015,6,57,7,14,9,8,514000,580994000,-90362000,4976879000,776156000,-65244000,2005000000,-20440000,740737000,186326000,-107476000,1552014000,0,5261899000,2009188000,3252711000,1357150000
COL,2015,37,31,19,18,51,13,252000000,3630000000,1023000000,964000000,1614000000,77000000,1680000000,-71000000,749000000,50000000,694000000,5124000000,-281000000,7304000000,1875000000,5429000000,5244000000
COO,2015,8,60,13,12,8,11,16426000,726798000,233588000,967097000,1070262000,-4604000,1105408000,-8796000,390970000,63507000,203523000,1779440000,-80190000,4459864000,2667509000,1792355000,1797060000
COST,2015,22,13,3,3,34,2,4801000000,1.01E+11,3728000000,15401000000,15134000000,880000000,4852000000,-937000000,4285000000,202000000,2377000000,6518000000,-481000000,33017000000,10617000000,22400000000,1.16E+11
CPB,2015,48,34,13,12,69,8,253000000,5300000000,1057000000,2347000000,2782000000,1000000,2539000000,21000000,1182000000,249000000,666000000,1754000000,-226000000,8077000000,1381000000,6696000000,8082000000
CRM,2015,7,76,3,4,5,5,908117000,1289270000,-139848000,1125866000,4084316000,958803000,1370692000,126482000,1173714000,551736000,-262688000,-605845000,308989000,10665127000,3975183000,6689944000,5373586000
CSCO,2015,15,60,22,23,19,18,6877000000,19480000000,11767000000,3332000000,29681000000,1497000000,21457000000,151000000,12552000000,1165000000,8981000000,16045000000,-2810000000,1.13E+11,59698000000,53675000000,49161000000
CSX,2015,17,72,30,27,27,17,628000000,3293000000,3682000000,30174000000,8518000000,-259000000,10515000000,-41000000,3370000000,388000000,1968000000,11238000000,-804000000,34745000000,11652000000,23093000000,11811000000
CTAS,2015,22,43,16,15,34,10,417073000,2555549000,718485000,871421000,1921337000,2855000,1300000000,-96215000,580276000,11407000,410521000,4227620000,-511740000,4192460000,1932455000,2260005000,4476886000
CTL,2015,6,57,15,7,9,5,126000000,7778000000,2628000000,18069000000,10122000000,-277000000,18722000000,-2000000,5152000000,609000000,878000000,272000000,-808000000,47604000000,14060000000,33544000000,17900000000
CTSH,2015,17,40,17,17,23,13,2125200000,7440200000,2181300000,1271400000,4975800000,502200000,881200000,115100000,2153300000,91000000,1623600000,8925200000,-328400000,13065400000,9278100000,3787300000,12416000000
CTXS,2015,16,81,11,10,16,10,368518000,614364000,356030000,373817000,2661230000,229152000,1311071000,108369000,1034548000,74273000,319361000,3474625000,-643419000,5467517000,1973446000,3494071000,3275594000
CVS,2015,14,17,6,6,23,3,2459000000,1.27E+11,9454000000,9855000000,26528000000,3495000000,26267000000,-22000000,8412000000,-36000000,5230000000,35506000000,-4702000000,92437000000,37196000000,55241000000,1.53E+11
CVX,2015,3,29,3,4,3,4,11022000000,92785000000,4842000000,1.90E+11,37140000000,-868000000,33664000000,-1763000000,19456000000,-3609000000,9271000000,1.82E+11,211000000,2.66E+11,1.53E+11,1.13E+11,1.30E+11
CXO,2015,1,70,21,5,1,4,228550000,541359000,312655000,10996065000,1262214000,-73721000,3332188000,228529000,897505000,-434363000,65900000,2345641000,1530640000,12641876000,6942551000,5699325000,1803573000
D,2015,15,47,30,24,22,16,623000000,6201000000,3732000000,41554000000,5482000000,-251000000,23616000000,289000000,4475000000,788000000,1899000000,6458000000,1073000000,58797000000,12664000000,46133000000,11683000000
DAL,2015,42,58,19,18,66,11,3959000000,17096000000,7638000000,23039000000,23608000000,-295000000,6766000000,-116000000,7927000000,224000000,4526000000,5562000000,-2200000000,53134000000,10850000000,42284000000,40704000000
DD,2015,20,40,12,10,26,8,5300000000,15112000000,2933000000,9784000000,10018000000,-1302000000,7642000000,-1610000000,2316000000,477000000,1895000000,14510000000,-2079000000,41166000000,9993000000,31173000000,25130000000
DE,2015,29,30,12,10,41,7,4162200000,20143200000,3460100000,10151900000,8719600000,-213700000,23832800000,375200000,3740300000,136900000,1940000000,23144800000,-2598600000,57947600000,6743400000,51204200000,28862800000
DFS,2015,20,0,0,36,32,23,12656000000,623000000,4252000000,693000000,0,162000000,0,2288000000,3854000000,-1056000000,2297000000,13250000000,-1710000000,86936000000,11275000000,75661000000,10002000000
DG,2015,22,31,10,9,34,6,157947000,14062471000,1939968000,2264062000,6306091000,130911000,2969175000,-421876000,1377988000,45098000,1165080000,2025545000,-1292679000,11257885000,5377876000,5880009000,20368562000
DGX,2015,15,38,19,15,24,9,133000000,4657000000,1256000000,925000000,2836000000,-72000000,3492000000,-59000000,810000000,128000000,753000000,6199000000,-101000000,9962000000,4684000000,5278000000,7493000000
DHI,2015,13,21,12,10,19,7,1393500000,8535700000,1123400000,146900000,2288300000,60300000,3811500000,722000000,700400000,103100000,750700000,3289600000,61800000,11151000000,5894300000,5256700000,10824000000
DHR,2015,14,52,17,16,14,16,790800000,9800600000,3486800000,2825600000,10762500000,221800000,12025200000,-2214800000,3801800000,-632100000,2598700000,21012300000,249000000,48222200000,23690300000,24531900000,20563100000
DIS,2015,19,46,25,26,31,16,4269000000,28364000000,13868000000,25179000000,24101000000,305000000,12773000000,848000000,10909000000,-426000000,9196000000,59028000000,-4754000000,88182000000,44525000000,43657000000,52465000000
DISCA,2015,19,63,31,24,29,16,390000000,2343000000,1889000000,488000000,4051000000,-14000000,7616000000,23000000,1277000000,95000000,1035000000,4517000000,-1535000000,15864000000,5451000000,10413000000,6394000000
DISCK,2015,19,63,31,24,29,16,390000000,2343000000,1889000000,488000000,4051000000,-14000000,7616000000,23000000,1277000000,95000000,1035000000,4517000000,-1535000000,15864000000,5451000000,10413000000,6394000000
DLPH,2015,64,20,11,10,67,10,536000000,12155000000,1635000000,3377000000,3010000000,-58000000,3956000000,-325000000,1703000000,-39000000,1261000000,1627000000,-1159000000,11973000000,2250000000,9723000000,15165000000
DLR,2015,7,63,23,17,7,17,75062000,651282000,494134000,8664105000,1112054000,36113000,4966357000,22239000,799232000,-78826000,296689000,0,919347000,11451267000,4500132000,6951135000,1763336000
DLTR,2015,6,30,7,3,10,2,736100000,10841700000,1047600000,3137600000,4656700000,11000000,7238400000,-128000000,780900000,86500000,282400000,2056400000,13900000,15901200000,4406900000,11494300000,15498400000
DNB,2015,15,100,21,17,25,10,365700000,0,331000000,27200000,1637100000,4400000,1804100000,46300000,343200000,68200000,204200000,2932800000,8400000,2273600000,-1116800000,3390400000,1637100000
DOV,2015,24,37,13,12,22,13,362185000,4388167000,932286000,854269000,2568144000,-108335000,2603655000,-319396000,949059000,-233168000,595881000,7686642000,-596140000,8606076000,3644575000,4961501000,6956311000
DPS,2015,35,59,21,19,54,12,911000000,2559000000,1301000000,1156000000,3723000000,22000000,2875000000,683000000,991000000,70000000,764000000,2165000000,-491000000,8869000000,2183000000,6686000000,6282000000
DRI,2015,30,21,5,3,8,10,535900000,5341500000,175300000,3215800000,1422500000,14900000,1452300000,437600000,874300000,-250000000,196400000,1026000000,-342600000,5994700000,2333500000,3661200000,6764000000
DUK,2015,7,41,23,18,10,12,857000000,13728000000,5750000000,75709000000,9731000000,-119000000,37495000000,-1179000000,6676000000,539000000,2811000000,2564000000,-1483000000,1.21E+11,39727000000,81429000000,23459000000
DVA,2015,6,29,8,5,15,2,1499116000,9824834000,723136000,2788740000,3957003000,256947000,9001308000,533875000,1557200000,943290000,427410000,4356835000,-535518000,18514875000,4870780000,13644095000,13781837000
DVN,2015,205,84,158,162,302,110,2310000000,2104000000,-20751000000,19068000000,11041000000,-6000000,12056000000,830000000,5373000000,17223000000,-14454000000,1781000000,695000000,29451000000,7049000000,22402000000,13145000000
EA,2015,29,68,21,20,30,19,2068000000,1429000000,925000000,459000000,3086000000,-222000000,31000000,286000000,1067000000,141000000,875000000,904000000,-277000000,6147000000,3036000000,3111000000,4515000000
EBAY,2015,26,79,26,28,37,20,1832000000,1771000000,2406000000,1554000000,6821000000,-1000000,6749000000,-4496000000,4033000000,571000000,1947000000,7713000000,-1928000000,17755000000,6576000000,11179000000,8592000000
ECL,2015,15,47,12,10,19,7,92800000,7223500000,1561300000,3228300000,6321600000,62300000,4260200000,-116800000,1999800000,202500000,1002100000,6160300000,-672000000,18641700000,6909900000,11731800000,13545100000
ED,2015,9,44,19,14,14,10,944000000,7060000000,2451000000,32209000000,5494000000,201000000,12006000000,249000000,3277000000,750000000,1193000000,0,1000000,45642000000,13052000000,32590000000,12554000000
EFX,2015,19,67,26,24,28,16,93300000,887400000,700400000,366800000,1776200000,123800000,1145900000,-35000000,742100000,-5500000,434800000,3834400000,-161900000,4509000000,2310900000,2198100000,2663600000
EIX,2015,10,37,17,14,14,10,161000000,7256000000,2123000000,35085000000,4268000000,8000000,10964000000,29000000,4509000000,-300000000,1082000000,8940000000,11000000,50310000000,11368000000,38942000000,11524000000
EL,2015,30,81,15,14,43,10,1021400000,2100600000,1620600000,1490200000,8679800000,263400000,1595100000,-607700000,1943300000,92400000,1088900000,7004100000,-881400000,8226900000,3643200000,4572600000,10780400000
EMN,2015,22,27,14,12,29,9,293000000,7068000000,1392000000,5130000000,2580000000,-361000000,6608000000,79000000,1612000000,329000000,854000000,5146000000,-83000000,15611000000,3941000000,11670000000,9648000000
EMR,2015,34,43,18,23,47,17,3054000000,9241000000,3982000000,7015000000,7008000000,-271000000,4289000000,-95000000,2529000000,-1085000000,2540000000,21308000000,-2501000000,22088000000,8081000000,14007000000,16249000000
EOG,2015,35,75,76,79,53,52,718506000,2177757000,-6684163000,24210721000,6579671000,-1463656000,6653685000,-1368707000,3595165000,4951920000,-4524515000,9870816000,-26101000,26975244000,12943035000,14032209000,8757428000
EQIX,2015,7,53,21,8,8,7,2708255000,1291506000,510053000,5606436000,1434361000,126114000,5564542000,1617921000,894793000,154229000,187485000,-1576688000,859536000,10356695000,2745386000,7611309000,2725867000
EQR,2015,8,67,37,33,9,32,98169000,905168000,1348383000,20276946000,1839797000,6283000,10581222000,2196000,1356499000,-305073000,907621000,2009091000,47630000,23157328000,10470368000,12686960000,2744965000
EQT,2015,2,73,9,22,8,4,1601232000,523043000,573092000,11472021000,1430957000,-37623000,2793343000,523803000,1216940000,33222000,321886000,2982212000,1852591000,13976172000,5077791000,8898381000,1954000000
ES,2015,8,44,22,18,14,11,23947000,4416194000,1798391000,19892441000,3538633000,-61336000,8805574000,-14756000,1424025000,-127184000,878485000,2797355000,0,30580309000,10352215000,20228094000,7954827000
ESS,2015,4,70,28,19,4,19,123055000,363508000,437319000,10650782000,830899000,-7746000,2256030000,4073000,617410000,-45023000,248239000,-797329000,356056000,12005091000,6237733000,5767358000,1194407000
ETFC,2015,5,100,14,6,2,19,3290000000,0,285000000,236000000,1403000000,-58000000,0,450000000,832000000,180000000,163000000,-1461000000,-81000000,45427000000,5799000000,39628000000,1403000000
ETN,2015,13,31,11,10,14,9,268000000,14292000000,2377000000,3565000000,6563000000,-233000000,7781000000,-513000000,2371000000,-139000000,1979000000,7346000000,-630000000,31031000000,15186000000,15800000000,20855000000
ETR,2015,2,35,3,7,9,1,1350961000,7449273000,-129565000,28044360000,4063978000,-520388000,13138557000,-71065000,3291184000,1130519000,-156734000,9393913000,-62300000,44647681000,9256791000,35390890000,11513251000
EW,2015,20,75,25,25,25,20,718400000,617200000,639600000,482500000,1876500000,163900000,599900000,64600000,549700000,-75400000,494900000,3336800000,-192900000,4059300000,2503100000,1556200000,2493700000
EXC,2015,9,27,15,11,13,8,6707000000,21406000000,4363000000,57439000000,8041000000,-623000000,24286000000,4624000000,7616000000,1643000000,2269000000,12068000000,1900000000,95384000000,25986000000,69398000000,29447000000
EXPD,2015,27,33,11,11,44,7,807796000,4428855000,736689000,524724000,2187777000,-65782000,0,-119311000,564712000,61713000,457223000,1771379000,-499027000,2582438000,1691993000,890445000,6616632000
EXPE,2015,16,80,6,14,19,11,1687623000,1309559000,1052157000,1064259000,5362758000,325589000,3183140000,273599000,1368045000,-550471000,764465000,507666000,59745000,15485675000,4864394000,10621281000,6672317000
EXR,2015,19,74,38,26,10,50,106537000,203965000,304468000,5689309000,578305000,12036000,3382430000,28136000,367329000,7129000,394950000,-337566000,448419000,6071407000,2089077000,3982330000,782270000
F,2015,26,12,5,7,36,5,14272000000,1.31E+11,11025000000,57256000000,18149000000,7758000000,89879000000,3515000000,16170000000,-1506000000,9191000000,14414000000,-129000000,2.25E+11,28642000000,1.96E+11,1.50E+11
FAST,2015,29,50,21,21,46,13,129019000,1920253000,829128000,818889000,1948934000,5148000,302950000,14523000,546940000,18099000,516361000,1842772000,-273852000,2532462000,1801289000,731173000,3869187000
FB,2015,8,84,35,35,14,20,4907000000,2867000000,6194000000,5687000000,15061000000,1904000000,107000000,592000000,10320000000,3903000000,3669000000,9787000000,0,49407000000,44218000000,5189000000,17928000000
FBHS,2015,13,35,11,10,19,7,238500000,2997500000,491800000,627900000,1581900000,41200000,1171600000,46600000,411100000,39800000,306500000,501600000,-22800000,4878600000,2450900000,2427700000,4579400000
FCX,2015,155,80,84,88,179,77,224000000,28524000000,-13337000000,36873000000,-12647000000,-916000000,19779000000,-240000000,3220000000,11230000000,-12156000000,-12387000000,1936000000,46577000000,7828000000,38749000000,15877000000
FDX,2015,7,64,4,3,11,2,3763000000,16984000000,1862000000,20875000000,30469000000,-33000000,7249000000,855000000,5366000000,2142000000,1050000000,16900000000,-934000000,36531000000,14993000000,21538000000,47453000000
FE,2015,5,59,15,6,7,4,131000000,6173000000,1908000000,37214000000,8853000000,-140000000,19389000000,46000000,3447000000,640000000,578000000,2256000000,0,52187000000,12421000000,39766000000,15026000000
FFIV,2015,28,83,29,29,43,19,390460000,332261000,561344000,95909000,1587562000,186082000,0,116940000,684541000,134752000,365014000,1321857000,-566419000,2312290000,1316728000,995562000,1919823000
FIS,2015,7,33,17,16,11,10,687600000,4393200000,1236000000,610700000,2202000000,91100000,11497800000,194800000,1136900000,-28300000,658100000,3072900000,-263300000,26268800000,9321000000,16947800000,6595200000
FISV,2015,27,45,25,20,40,14,275000000,2909000000,1226000000,396000000,2345000000,144000000,4288000000,-19000000,1346000000,136000000,712000000,8064000000,-1451000000,9340000000,2660000000,6680000000,5254000000
FL,2015,21,34,11,11,33,7,1021000000,4907000000,841000000,661000000,2505000000,-17000000,129000000,54000000,745000000,-18000000,541000000,0,-350000000,3775000000,2553000000,1222000000,7412000000
FLIR,2015,15,48,20,20,19,16,472785000,803506000,319532000,272629000,753561000,16460000,93750000,-58589000,275814000,17167000,241686000,1773267000,-98358000,2406400000,1649515000,756885000,1557067000
FLR,2015,14,6,4,4,24,2,1949886000,17019352000,771322000,892340000,1094696000,0,986564000,-43239000,849132000,135634000,480664000,3428732000,-502624000,7625406000,2997347000,4628059000,18114048000
FLS,2015,16,33,12,9,25,6,366444000,3073712000,487466000,758427000,1487318000,-101670000,1560562000,-83906000,418102000,100891000,277530000,3587120000,-303651000,4980657000,1666477000,3314180000,4561030000
FMC,2015,26,33,2,4,7,15,78600000,2201100000,-49100000,1016400000,1075400000,-585500000,2036300000,-30900000,-277100000,-381300000,-177900000,3385000000,2200000,6325900000,1865700000,4460200000,3276500000
FRT,2015,13,69,40,28,12,28,21046000,233417000,300303000,4490365000,510595000,-9995000,2627216000,-26905000,359835000,-10497000,210219000,-724701000,110855000,4896559000,1663749000,3232810000,744012000
FSLR,2015,10,26,14,15,9,15,1126826000,2659728000,526810000,1391895000,919267000,-34060000,251325000,-355228000,-360919000,298000,546421000,2790110000,0,7316331000,5548487000,1767844000,3578995000
FTR,2015,3,100,13,6,6,4,9380000000,0,752000000,8493000000,5576000000,102000000,15508000000,254000000,1301000000,-130000000,-196000000,-87000000,2665000000,27084000000,5614000000,21470000000,5576000000
GD,2015,28,19,13,13,38,9,2785000000,25339000000,4102000000,3466000000,6130000000,-1897000000,2898000000,-1603000000,2607000000,277000000,2965000000,23204000000,-2965000000,31997000000,10738000000,21259000000,31469000000
GGP,2015,17,69,38,40,12,57,356895000,747276000,1562530000,17832919000,1656630000,-4858000,14422360000,-15576000,1064888000,-958772000,1393596000,-2141549000,-108912000,24073555000,8270043000,15803512000,2403906000
GILD,2015,98,88,68,66,117,55,12851000000,4006000000,22347000000,2276000000,28633000000,3501000000,21195000000,2824000000,20329000000,-34000000,18108000000,18001000000,-9495000000,51839000000,18534000000,33305000000,32639000000
GIS,2015,24,34,12,10,35,7,334200000,11681100000,1761900000,3783300000,5949200000,282600000,7575300000,-533100000,2542800000,618300000,1221300000,11990800000,-998200000,21832000000,4996700000,16835300000,17630300000
GLW,2015,7,40,15,16,8,15,4500000000,5458000000,1626000000,12648000000,3653000000,-146000000,3890000000,-809000000,2809000000,224000000,1638000000,13832000000,-3126000000,28527000000,18788000000,9739000000,9111000000
GM,2015,24,12,3,5,19,6,15238000000,1.34E+11,8161000000,51401000000,18302000000,0,43549000000,-3857000000,11691000000,-3803000000,12330000000,20285000000,-3520000000,1.94E+11,39871000000,1.54E+11,1.52E+11
GPC,2015,22,30,7,7,36,5,211631000,10724192000,1145343000,648217000,4555852000,331419000,250000000,73901000,1159373000,43048000,705672000,3885751000,-301847000,8144771000,3146567000,4998204000,15280044000
GPN,2015,37,63,16,15,55,10,650739000,1022107000,461546000,374143000,1751611000,-69513000,1678283000,68867000,424701000,119714000,278040000,795226000,-365527000,5779301000,757976000,5021325000,2773718000
GPS,2015,36,36,10,9,58,6,1370000000,10077000000,1530000000,2850000000,5720000000,-83000000,1310000000,-145000000,1594000000,103000000,920000000,2440000000,-950000000,7473000000,2545000000,4928000000,15797000000
GRMN,2015,14,55,19,20,17,16,833070000,1281566000,567187000,446089000,1538704000,-158273000,0,-363198000,280467000,90601000,456227000,1930517000,-119926000,4499391000,3345126000,1154265000,2820270000
GT,2015,8,26,9,4,16,2,1476000000,12164000000,1046000000,6777000000,4279000000,116000000,5074000000,-685000000,1687000000,505000000,307000000,4570000000,-127000000,16391000000,3920000000,12471000000,16443000000
GWW,2015,34,42,13,13,55,8,290136000,5741956000,1284276000,1431241000,4231428000,-67954000,1388414000,63492000,989904000,75623000,757256000,6802130000,-1339186000,5857755000,2266634000,3591121000,9973384000
HAL,2015,4,11,1,4,6,3,10077000000,21113000000,-936000000,12117000000,2520000000,-603000000,14687000000,7786000000,2906000000,1316000000,-662000000,20524000000,167000000,36942000000,15462000000,21480000000,23633000000
HAR,2015,14,30,8,7,19,6,649513000,4338193000,460210000,552421000,1817104000,400580000,1080667000,68201000,552603000,66903000,342680000,2229517000,5358000,5865900000,2374613000,3491287000,6155297000
HAS,2015,27,62,16,14,36,10,976750000,1677033000,701037000,237527000,2770476000,149663000,1547115000,83583000,552445000,34926000,451838000,3852321000,-43902000,4720717000,1663902000,3056815000,4447509000
HBAN,2015,11,0,0,29,14,22,15871022000,82175000,995214000,620540000,0,-29652000,0,-373409000,1033362000,150625000,692957000,-594067000,-232844000,71044551000,6594606000,64449945000,3153251000
HBI,2015,34,37,10,8,37,7,319169000,3595217000,591908000,650462000,2136332000,-68016000,2232712000,79314000,227007000,31772000,428855000,1389338000,-351495000,5597590000,1275891000,4321699000,5731549000
HCA,2015,28,83,15,10,52,5,741000000,6638000000,5622000000,15014000000,33040000000,192000000,30255000000,175000000,4734000000,4335000000,2040000000,-7338000000,-2397000000,32744000000,-7599000000,40343000000,39678000000
HCN,2015,6,57,28,17,4,22,422690000,1622257000,1128286000,24718608000,2153428000,-18099000,12967686000,-112818000,1373468000,-332709000,849073000,-6846056000,1923077000,29023845000,14590560000,14433285000,3775685000
HCP,2015,6,100,26,7,1,31,386532000,0,615867000,11854242000,1828305000,-23757000,10671571000,162690000,1222145000,1265503000,152668000,0,301459000,21449849000,9343643000,12106206000,1828305000
HD,2015,111,34,13,12,174,8,2216000000,58254000000,11940000000,22191000000,30265000000,1151000000,20888000000,604000000,9373000000,100000000,7009000000,30973000000,-6772000000,42549000000,6316000000,36233000000,88519000000
HES,2015,16,50,58,64,22,46,2716000000,3323000000,-3917000000,26352000000,3313000000,-646000000,6544000000,272000000,1981000000,973000000,-2959000000,16637000000,2166000000,34195000000,19386000000,14809000000,6636000000
HIG,2015,10,41,11,11,11,9,448000000,10775000000,2335000000,974000000,7602000000,-36000000,5359000000,49000000,2756000000,143000000,1673000000,12550000000,-1208000000,2.28E+11,17642000000,2.11E+11,18377000000
HOG,2015,41,40,19,19,63,13,810476000,3619612000,1162280000,942418000,2375790000,0,4845388000,-184471000,1100118000,0,752207000,8961985000,-1516841000,9991167000,1839654000,8151513000,5995402000
HOLX,2015,6,53,17,7,9,5,492700000,1272300000,382700000,457100000,1432700000,78500000,3221000000,-244800000,786100000,64600000,68900000,-3469000000,70000000,7642500000,2079200000,5563300000,2705000000
HON,2015,26,31,18,17,36,12,5455000000,26747000000,6586000000,5789000000,11834000000,-684000000,5554000000,-1504000000,5519000000,-48000000,4768000000,26147000000,-1698000000,49316000000,18283000000,31033000000,38581000000
HP,2015,9,46,21,21,14,13,729384000,1703476000,676902000,5563170000,1458226000,-25417000,492443000,369077000,1428574000,192573000,420474000,4648346000,-57004000,7147242000,4895846000,2251396000,3161702000
HPE,2015,7,29,3,3,4,5,9842000000,37168000000,1470000000,9886000000,14939000000,803000000,15103000000,7523000000,3661000000,-520000000,2459000000,0,0,79916000000,33535000000,46381000000,52107000000
HPQ,2015,16,19,8,7,13,9,7584000000,41524000000,3532000000,1492000000,9939000000,-1349000000,6677000000,2300000000,6490000000,2288000000,3718000000,32089000000,-2512000000,1.07E+11,27768000000,79114000000,51463000000
HRB,2015,26,60,26,24,41,15,2099162000,1231104000,788051000,311387000,1847554000,-51653000,505298000,-178117000,626608000,85559000,486744000,1836442000,6073000,4515420000,1832949000,2682471000,3078658000
HRL,2015,17,20,12,11,26,7,347239000,7455282000,1070254000,1011739000,1808581000,-36428000,250000000,13065000,991992000,41634000,709975000,4216125000,-26162000,6139831000,3998198000,2141633000,9263863000
HRS,2015,10,34,14,9,14,7,481000000,3348000000,607000000,1165000000,1735000000,30000000,5053000000,-80000000,854000000,190000000,334000000,1258000000,-103000000,13127000000,3397000000,9725000000,5083000000
HSIC,2015,17,28,7,7,25,5,72086000,7617460000,746766000,318476000,3012259000,212611000,463752000,-17388000,586841000,64922000,479058000,2895997000,-367089000,6504740000,2884256000,3620484000,10629719000
HST,2015,8,63,12,11,8,10,254000000,2012000000,814000000,10716000000,3375000000,-56000000,4017000000,-445000000,1171000000,-135000000,571000000,-1139000000,-673000000,11784000000,7064000000,4720000000,5387000000
HSY,2015,51,46,14,12,90,7,346529000,4003951000,1007620000,2240460000,3382675000,-1017000,1557091000,-28325000,1214456000,286168000,512951000,5897603000,-548174000,5344371000,997997000,4346374000,7386626000
HUM,2015,12,18,4,4,23,2,2571000000,44269000000,2617000000,1384000000,10020000000,375000000,4394000000,636000000,868000000,-248000000,1276000000,11017000000,-364000000,24678000000,10346000000,14332000000,54289000000
IBM,2015,92,50,19,20,112,16,7686000000,41057000000,16413000000,10727000000,40684000000,59000000,33428000000,-790000000,17008000000,2407000000,13364000000,1.46E+11,-4287000000,1.10E+11,14262000000,96233000000,81741000000
IDXX,2015,228,56,19,17,325,12,128994000,711622000,302380000,333026000,890270000,-2787000,597085000,-193542000,216364000,23652000,192078000,318356000,-379584000,1474993000,-84125000,1559118000,1601892000
IFF,2015,26,45,19,18,34,14,181988000,1671590000,585163000,732794000,1351599000,100998000,937844000,-296585000,433578000,-32316000,419247000,3604254000,-121307000,3721454000,1590318000,2126464000,3023189000
ILMN,2015,25,70,28,26,32,21,768770000,670472000,625263000,342694000,1549290000,150310000,1015649000,132616000,659596000,75712000,461559000,1022765000,-170357000,3687747000,1848553000,1839194000,2219762000
INTC,2015,19,63,25,26,23,21,15308000000,20676000000,14212000000,31858000000,34679000000,-637000000,20036000000,12747000000,19017000000,-33000000,11735000000,37614000000,-1810000000,1.01E+11,61085000000,40374000000,55355000000
INTU,2015,16,83,18,17,31,9,808000000,695000000,739000000,682000000,3497000000,453000000,500000000,-41000000,1504000000,458000000,413000000,6027000000,-1138000000,4968000000,2332000000,2636000000,4192000000
IP,2015,24,31,9,6,33,4,1050000000,15468000000,1821000000,11980000000,6897000000,-106000000,15177000000,-831000000,2580000000,591000000,917000000,4649000000,-603000000,30587000000,3884000000,26703000000,22365000000
IPG,2015,23,100,11,10,39,6,1502900000,0,848000000,567200000,7613800000,365600000,1610300000,-157700000,674000000,134600000,454600000,1437600000,-271700000,12585100000,1965500000,10619600000,7613800000
IRM,2015,24,57,17,5,32,4,128381000,1290025000,425937000,2497158000,1717951000,-59452000,4757610000,2448000,541760000,105249000,125203000,-942218000,12723000,6350587000,508841000,5841746000,3007976000
ISRG,2015,14,66,31,32,18,25,714600000,806500000,758500000,432100000,1577900000,7900000,0,114300000,771900000,186100000,588800000,899200000,177400000,4907300000,4319500000,587800000,2384400000
ITW,2015,36,41,21,20,52,14,3090000000,7888000000,2945000000,1577000000,5517000000,-113000000,6896000000,-900000000,2299000000,30000000,1899000000,18316000000,-1943000000,15729000000,5224000000,10501000000,13405000000
IVZ,2015,12,100,27,27,17,19,2214700000,0,1632700000,426900000,5122900000,4442100000,2072800000,412000000,1053500000,173200000,964100000,4439600000,-545100000,25073200000,7885300000,17187900000,5122900000
JBHT,2015,33,41,12,11,53,7,5566000,3665578000,715780000,2701329000,2522068000,8568000,1005026000,-395000,873308000,116374000,427235000,2885843000,-284147000,3636567000,1300352000,2336215000,6187646000
JEC,2015,7,16,4,4,10,3,460859000,10146494000,449640000,381238000,1968338000,-201573000,584434000,-271788000,484572000,170267000,302971000,3496212000,-389094000,7785926000,4291745000,3494181000,12114832000
JNPR,2015,14,63,19,18,19,13,1420900000,1779200000,852200000,1021000000,3078600000,164800000,1648800000,-218700000,892500000,179900000,633700000,-3741200000,-1032400000,8619200000,4574400000,4044800000,4857800000
JPM,2015,10,100,34,34,12,27,5.73E+11,0,38165000000,14362000000,89716000000,-40168000000,4.16E+11,-7341000000,73466000000,8199000000,24442000000,1.46E+11,277000000,2.35E+12,2.48E+11,2.10E+12,89716000000
JWN,2015,69,36,8,7,112,4,595000000,9168000000,1101000000,3735000000,5269000000,48000000,2795000000,-232000000,2451000000,238000000,600000000,-1610000000,-1098000000,7698000000,871000000,6827000000,14437000000
K,2015,29,35,8,6,36,5,251000000,8844000000,1000000000,3621000000,4681000000,488000000,5289000000,-192000000,1691000000,276000000,614000000,6597000000,-470000000,15265000000,2128000000,13137000000,13525000000
KEY,2015,55,17,3,1,3,21,290484000,1354969000,22030000,22230000,272444000,17562000,1516367000,-72571000,-81049000,-315791000,346599000,-227163000,0,2409295000,630423000,1778872000,1627413000
KIM,2015,18,74,29,25,6,77,189534000,304477000,513620000,9669325000,862292000,164000,5376310000,2212000,493701000,-648286000,1063106000,-572335000,-50138000,11344171000,5046300000,6297871000,1166769000
KLAC,2015,87,57,24,15,103,13,838025000,1215229000,540140000,314591000,1598820000,90999000,3173435000,207164000,605906000,147330000,234489000,-12362000,-555880000,4826012000,421439000,4404573000,2814049000
KMB,2015,582,36,9,7,767,5,619000000,11967000000,1630000000,7104000000,6624000000,0,6170000000,-170000000,2306000000,939000000,1066000000,4994000000,-872000000,14842000000,-174000000,15016000000,18591000000
KMI,2015,1,55,17,5,2,2,289000000,6452000000,772000000,40547000000,7951000000,-230000000,42406000000,-86000000,5303000000,2683000000,667000000,-6103000000,5410000000,84104000000,35119000000,48985000000,14403000000
KMX,2015,19,13,7,7,31,4,321728000,12381189000,993804000,1862538000,1887527000,-26086000,8818750000,-600295000,-968130000,234763000,597358000,1994221000,-834518000,13198201000,3156785000,10041416000,14268716000
KO,2015,29,61,20,22,38,17,7309000000,17482000000,10461000000,12571000000,26812000000,0,28407000000,-1649000000,10528000000,1349000000,7840000000,65018000000,-2319000000,90093000000,25554000000,64539000000,44294000000
KORS,2015,39,61,29,29,56,20,978900000,1723800000,1256000000,562900000,2647700000,38200000,0,7700000,857900000,16600000,881000000,2168800000,-480000000,2684600000,2241000000,443600000,4371500000
KR,2015,30,22,3,3,45,2,277000000,85496000000,3576000000,19619000000,24334000000,267000000,9709000000,9000000,4833000000,713000000,2039000000,14011000000,-609000000,33897000000,6820000000,27077000000,1.10E+11
KSS,2015,12,36,8,6,19,4,707000000,12265000000,1384000000,8308000000,6939000000,-154000000,4581000000,-700000000,1474000000,193000000,673000000,12329000000,-854000000,13606000000,5491000000,8115000000,19204000000
KSU,2015,12,69,33,28,17,20,136600000,759200000,754500000,7705400000,1659600000,-31400000,2045000000,-211400000,909300000,199100000,494200000,2964700000,-190000000,8341000000,3914300000,4426700000,2418800000
LB,2015,484,43,18,16,747,10,2548000000,6950000000,2268000000,2330000000,5204000000,180000000,5715000000,867000000,1869000000,-38000000,1253000000,315000000,-450000000,8493000000,-259000000,8752000000,12154000000
LEG,2015,30,24,12,11,41,8,253200000,2994000000,490900000,540800000,923200000,-104900000,945400000,-79600000,359100000,87500000,328000000,2209200000,-183200000,2967600000,1085600000,1869900000,3917200000
LEN,2015,14,18,11,13,21,8,906913000,7757571000,1222070000,0,1716437000,225790000,5025130000,-123369000,-419646000,11180000,908078000,3429736000,-12487000,14419509000,5648944000,8770565000,9474008000
LH,2015,9,33,12,8,15,5,716400000,5776800000,1007000000,1747400000,2903300000,-1900000,5992100000,136400000,982400000,115100000,446900000,4223000000,98900000,14221700000,4944400000,9277300000,8680100000
LKQ,2015,14,39,10,9,21,6,87397000,4359104000,706890000,696567000,2833529000,-4222000,1528668000,-27208000,529837000,36627000,423223000,2126384000,8168000,5647837000,3114682000,2533155000,7192633000
LLL,2015,6,9,5,3,7,2,207000000,9576000000,491000000,1097000000,890000000,-34000000,3143000000,-235000000,1042000000,998000000,297000000,5728000000,-658000000,12085000000,4355000000,7730000000,10466000000
LLTC,2015,33,76,46,46,43,35,195679000,355727000,685389000,287742000,1119412000,-14792000,0,38356000,598919000,56941000,520963000,-475124000,-83528000,1884079000,1577927000,306152000,1475139000
LLY,2015,17,75,14,14,19,12,3666400000,5037200000,2790000000,8053500000,14921500000,461600000,7972400000,-205200000,2772800000,-145300000,2408400000,16011800000,-749500000,35568900000,14571300000,20978600000,19958700000
LMT,2015,116,11,12,11,139,9,1090000000,36044000000,4742000000,5389000000,4492000000,876000000,14305000000,-356000000,5101000000,-205000000,3126000000,14238000000,-2897000000,49304000000,3097000000,46207000000,40536000000
LNT,2015,10,33,18,14,12,12,5800000,2171600000,648400000,9519100000,1082000000,30100000,3522200000,-51100000,871200000,34500000,390900000,2068900000,151200000,12495200000,3924100000,8571100000,3253600000
LOW,2015,33,35,8,7,58,4,405000000,38504000000,4419000000,19577000000,20570000000,594000000,11545000000,-61000000,4784000000,673000000,2546000000,7593000000,-3800000000,31266000000,7654000000,23612000000,59074000000
LRCX,2015,13,43,15,14,15,12,1501539000,2974976000,740850000,621418000,2284336000,133256000,1001382000,48862000,785503000,235313000,655577000,4096855000,-506917000,9364648000,5103144000,4261504000,5259312000
LUK,2015,2,24,4,4,3,2,4389732000,7677233000,1265417000,721875000,2439269000,-5472653000,7407594000,-638127000,-761755000,128414000,246589000,4612982000,-103897000,46339812000,10401211000,35813601000,10116502000
LUV,2015,30,70,21,18,47,11,1583000000,6025000000,3569000000,15601000000,13795000000,1055000000,2541000000,301000000,3238000000,4000000,2181000000,9409000000,-1134000000,21312000000,7358000000,13954000000,19820000000
LVLT,2015,34,48,16,3,3,42,862000000,4265000000,925000000,9878000000,3964000000,23000000,10994000000,274000000,1855000000,-2693000000,3215000000,-9219000000,0,24145000000,10126000000,14019000000,8229000000
LYB,2015,68,22,19,19,95,14,931000000,25683000000,6519000000,8991000000,7052000000,-786000000,7671000000,-107000000,5842000000,675000000,4479000000,9841000000,-4656000000,22757000000,6550000000,16207000000,32735000000
M,2015,25,39,8,6,39,4,1109000000,16496000000,2041000000,7616000000,10583000000,-379000000,6995000000,-1137000000,1984000000,353000000,1072000000,6334000000,-1833000000,20576000000,4250000000,16326000000,27079000000
MA,2015,63,100,53,51,82,39,7183000000,0,5019000000,675000000,9667000000,125000000,3268000000,610000000,4043000000,-75000000,3808000000,16222000000,-3491000000,16250000000,6028000000,10222000000,9667000000
MAA,2015,12,73,28,34,12,34,63641000,280901000,474764000,6716555000,761878000,3729000,3437926000,10906000,463721000,-185936000,350745000,-634141000,84000,6847781000,2992097000,3855684000,1042779000
MAC,2015,10,61,23,37,10,38,127899000,497359000,684981000,8796912000,790790000,-3316000,5102424000,1603000,540377000,-450939000,522912000,-212760000,-400658000,11258576000,4715414000,6543162000,1288149000
MAR,2015,24,15,9,9,35,6,96000000,12363000000,1422000000,1029000000,2123000000,0,3807000000,-8000000,1430000000,558000000,875000000,4878000000,-1877000000,6082000000,-3590000000,9672000000,14486000000
MAS,2015,263,32,13,10,510,5,1468000000,4889000000,914000000,1027000000,2253000000,82000000,2403000000,85000000,699000000,230000000,396000000,-300000000,-454000000,5664000000,-135000000,5799000000,7142000000
MAT,2015,14,49,9,8,18,6,892814000,2896255000,549185000,741147000,2806358000,248047000,1800000000,-78836000,734557000,60824000,369416000,3745815000,14995000,6552689000,2633254000,3919435000,5702613000
MCD,2015,64,39,28,26,92,18,7685500000,15623800000,6555700000,23117600000,9789200000,303600000,24122100000,5607600000,6539100000,286200000,4529300000,44594500000,-5782000000,37938700000,7087900000,30850800000,25413000000
MCHP,2015,18,57,20,16,17,17,607815000,917472000,407941000,581572000,1229564000,-15662000,1826858000,141212000,721182000,59291000,368692000,1549540000,34433000,4780713000,2044654000,2736059000,2147036000
MCK,2015,18,6,2,1,33,1,5341000000,1.68E+11,3031000000,2045000000,11411000000,4355000000,8180000000,1148000000,3112000000,970000000,1842000000,12705000000,-298000000,53870000000,8001000000,45869000000,1.79E+11
MCO,2015,167,72,42,40,244,27,1757400000,976300000,1494700000,306400000,2508200000,103500000,3401000000,537900000,1153600000,54400000,941300000,6709000000,-1068400000,5123400000,-565000000,5688400000,3484500000
MDLZ,2015,26,39,30,27,28,25,1870000000,18124000000,8897000000,8362000000,11512000000,600000000,14557000000,239000000,3728000000,-5080000000,7291000000,20700000000,-3622000000,62843000000,28012000000,34831000000,29636000000
MET,2015,8,45,11,11,11,8,12752000000,38714000000,7470000000,0,31237000000,7500000000,54994000000,1944000000,14129000000,-2226000000,5322000000,35519000000,-1949000000,8.78E+11,67949000000,8.10E+11,69951000000
MHK,2015,13,30,10,9,15,8,81692000,5660877000,819947000,3147118000,2410686000,-23725000,1196928000,-16185000,911873000,39761000,616986000,4102707000,0,9942364000,4854173000,5088191000,8071563000
MJN,2015,103,64,24,21,138,16,1701400000,1455300000,936200000,964000000,2616000000,2700000,2981000000,403700000,909900000,77800000,653500000,640400000,-1437000000,3998100000,-632300000,4630400000,4071300000
MKC,2015,24,40,13,12,30,9,112600000,2559000000,549500000,618400000,1737300000,40400000,1051400000,35300000,590000000,16000000,401600000,1036700000,-112700000,4472600000,1670200000,2802400000,4296300000
MLM,2015,7,20,14,12,10,8,168409000,2817803000,490088000,3156000000,721767000,-40053000,1553649000,59758000,573151000,106935000,288938000,874436000,-482884000,6961732000,4057284000,2904448000,3539570000
MMC,2015,25,100,19,18,35,12,1374000000,0,2470000000,773000000,12893000000,-408000000,4414000000,-584000000,1888000000,226000000,1636000000,11302000000,-1225000000,18216000000,6513000000,11703000000,12893000000
MMM,2015,42,49,23,23,60,16,1798000000,15383000000,6972000000,8515000000,14891000000,-735000000,8753000000,-99000000,6420000000,806000000,4833000000,36296000000,-4603000000,32883000000,11429000000,21454000000,30274000000
MNST,2015,11,60,33,33,19,20,2175417000,1090263000,891548000,97354000,1632301000,463703000,0,1805094000,207986000,-745719000,546733000,1394863000,888694000,5675189000,4809410000,865779000,2722564000
MO,2015,182,44,33,32,280,21,2369000000,14320000000,8895000000,1982000000,11114000000,356000000,12915000000,-952000000,5810000000,-166000000,5770000000,27257000000,-554000000,32535000000,2880000000,29655000000,25434000000
MON,2015,33,55,23,21,45,15,3701000000,6819000000,3594000000,4973000000,8182000000,457000000,8429000000,1334000000,3108000000,240000000,2286000000,10374000000,-698000000,21920000000,6990000000,14930000000,15001000000
MOS,2015,10,19,14,12,12,11,1276300000,7177400000,1201100000,8721000000,1717900000,263800000,3769500000,-1098300000,1807600000,197500000,1000400000,11014800000,-709500000,17389500000,9531800000,7857700000,8895300000
MPC,2015,22,22,6,6,33,4,1127000000,55891000000,4374000000,25164000000,16160000000,-2400000000,11896000000,-367000000,4061000000,606000000,2940000000,9752000000,-932000000,43115000000,13237000000,29878000000,72051000000
MRK,2015,10,62,18,14,12,11,8524000000,14934000000,5401000000,12507000000,24564000000,-588000000,23929000000,1083000000,12421000000,1855000000,4442000000,45348000000,-3701000000,1.02E+11,44676000000,57103000000,39498000000
MRO,2015,12,69,55,54,16,40,1221000000,1694000000,-2958000000,27061000000,3828000000,-965000000,7276000000,-1177000000,1565000000,1074000000,-2204000000,14974000000,0,32311000000,18553000000,13758000000,5522000000
MSFT,2015,15,65,19,20,23,13,5595000000,33038000000,18507000000,14731000000,60542000000,-79000000,27808000000,-3074000000,29668000000,10005000000,12193000000,9096000000,-13809000000,1.74E+11,80083000000,94389000000,93580000000
MTB,2015,7,0,0,34,10,22,24892612000,73814000,1929135000,666682000,0,-46338000,0,-5317000,1742408000,499539000,1065400000,8430502000,0,1.23E+11,16173289000,1.07E+11,4995881000
MTD,2015,61,56,20,19,80,15,98887000,1043454000,490875000,517229000,1351993000,23703000,575138000,13624000,426868000,8586000,352820000,2692317000,-465410000,1959335000,580457000,1378878000,2395447000
MU,2015,24,32,19,16,21,18,2287000000,10977000000,2980000000,10554000000,5215000000,-707000000,6252000000,-1863000000,5208000000,-170000000,2899000000,5588000000,-669000000,24143000000,12302000000,11841000000,16192000000
MUR,2015,43,70,120,118,62,81,283183000,832306000,-3164887000,9818365000,1954810000,0,3040594000,-910125000,1183369000,1672877000,-2255772000,6212201000,-250000000,11493812000,5306728000,6187084000,2787116000
MYL,2015,9,45,15,10,9,9,1236000000,5213200000,1254800000,1983900000,4216100000,-32400000,6295600000,1010500000,2008500000,791000000,847600000,4462100000,18500000,22267700000,9764400000,12503300000,9429300000
NAVI,2015,25,0,0,31,40,19,2095000000,0,3674000000,0,0,-181000000,0,151000000,1910000000,-204000000,996000000,2480000000,-945000000,1.34E+11,3975000000,1.30E+11,5197000000
NBL,2015,24,69,78,70,21,77,1028000000,979000000,-1956000000,21300000000,2204000000,-528000000,7976000000,-155000000,2062000000,1492000000,-2351000000,4726000000,1112000000,24196000000,10370000000,13826000000,3183000000
NDAQ,2015,8,60,18,19,11,13,357000000,1313000000,741000000,323000000,1979000000,-20000000,2364000000,-126000000,685000000,135000000,445000000,3571000000,-382000000,11861000000,5609000000,6252000000,3292000000
NEE,2015,12,51,26,23,18,16,571000000,8596000000,5201000000,61386000000,8890000000,-140000000,26681000000,-6000000,6116000000,243000000,2762000000,14140000000,1967000000,82479000000,22574000000,59905000000,17486000000
NEM,2015,2,44,15,12,9,3,2782000000,4312000000,1291000000,17303000000,3417000000,0,6087000000,379000000,2145000000,950000000,277000000,1410000000,813000000,25182000000,11350000000,13832000000,7729000000
NFLX,2015,6,32,5,2,6,2,1809330000,4591476000,274601000,173412000,2188035000,172560000,2371362000,695722000,-749439000,-4592012000,122641000,941925000,60351000,10202871000,2223426000,7979445000,6779511000
NFX,2015,244,68,325,318,359,216,5000000,497000000,-4816000000,3991000000,1060000000,-18000000,2467000000,-9000000,1209000000,3616000000,-3362000000,-1035000000,807000000,4768000000,1379000000,3389000000,1557000000
NKE,2015,26,46,14,14,33,11,3852000000,16534000000,4205000000,3011000000,14067000000,1237000000,1079000000,1632000000,4680000000,502000000,3273000000,4685000000,-2020000000,21597000000,12707000000,8890000000,30601000000
NLSN,2015,13,59,18,16,22,9,357000000,2539000000,1272000000,490000000,3633000000,60000000,7028000000,84000000,1209000000,98000000,570000000,341000000,-595000000,15303000000,4433000000,10870000000,6172000000
NOV,2015,5,21,3,4,4,5,2080000000,11694000000,-486000000,3124000000,3063000000,-2560000000,3928000000,-1456000000,1332000000,1818000000,-767000000,9927000000,-2214000000,26725000000,16383000000,10342000000,14757000000
NSC,2015,13,65,27,23,20,15,1101000000,3662000000,2987000000,28992000000,6849000000,-152000000,9393000000,128000000,2908000000,290000000,1556000000,10191000000,-1063000000,34139000000,12188000000,21951000000,10511000000
NTAP,2015,16,63,12,12,21,9,1922000000,2290000000,713000000,1030000000,3833000000,94000000,1487000000,-369000000,1268000000,236000000,560000000,53000000,-1008000000,9401000000,3414000000,5987000000,6123000000
NTRS,2015,11,0,0,30,17,20,76167800000,0,1618900000,446900000,0,198600000,0,3394000000,1834400000,-63800000,973800000,8242800000,-402900000,1.17E+11,8705900000,1.08E+11,4856500000
NUE,2015,5,10,5,4,9,2,1939469000,14858014000,877440000,4891153000,1581262000,-432399000,4360600000,915325000,2157043000,217912000,357659000,7255972000,-66081000,14250399000,7416878000,6833521000,16439276000
NVDA,2015,14,56,16,16,17,13,497000000,2083000000,801000000,557000000,2599000000,-63000000,1398000000,-655000000,906000000,230000000,631000000,3949000000,-660000000,7201000000,4418000000,2783000000,4682000000
NWL,2015,19,39,10,6,19,6,274800000,3611100000,417400000,599200000,2304600000,44000000,2687600000,75400000,565800000,131800000,259300000,2090900000,-186100000,7278000000,1822900000,5455100000,5915700000
NWS,2015,1,100,4,6,5,2,1951000000,0,552000000,2690000000,8524000000,12000000,0,-873000000,988000000,509000000,367000000,88000000,-30000000,15035000000,11945000000,3070000000,8524000000
NWSA,2015,1,100,4,6,5,2,1951000000,0,552000000,2690000000,8524000000,12000000,0,-873000000,988000000,509000000,367000000,88000000,-30000000,15035000000,11945000000,3070000000,8524000000
O,2015,4,95,72,49,8,28,40294000,55352000,731939000,10618884000,967933000,6168000,4603486000,36442000,692303000,-17247000,283766000,-1530210000,1186186000,11865870000,6531596000,5334274000,1023285000
OKE,2015,73,27,13,7,155,3,97619000,5641052000,938663000,12373989000,2122154000,-223596000,8323582000,-75150000,1006980000,422137000,385276000,0,396329000,15446111000,335798000,15110313000,7763206000
OMC,2015,45,17,13,12,73,7,2605200000,12491400000,1959700000,692700000,2643000000,0,3564200000,217100000,2172300000,129400000,1093900000,10178200000,-740900000,22110700000,2452400000,19658300000,15134400000
ORLY,2015,47,52,19,18,74,12,116301000,3804031000,1517495000,2861556000,4162643000,271310000,1390018000,-134259000,1281476000,-56990000,931216000,678840000,-1071600000,6676684000,1961314000,4715370000,7966674000
OXY,2015,32,53,78,78,40,63,4394000000,5804000000,-9537000000,31639000000,6676000000,-2320000000,6883000000,-588000000,3351000000,8166000000,-8146000000,25960000000,-556000000,43437000000,24350000000,19087000000,12480000000
PAYX,2015,38,100,38,39,59,25,4443400000,0,1060000000,353900000,2739600000,51100000,0,17500000,895200000,28600000,674900000,894300000,-182400000,6467500000,1785500000,4682000000,2739600000
PBCT,2015,5,0,0,27,8,18,6784200000,95500000,431800000,257800000,0,0,0,-298400000,328300000,90800000,260100000,880800000,24300000,38877400000,4731600000,34145800000,1421300000
PBI,2015,228,56,17,17,342,11,650557000,1558591000,698408000,510750000,2019469000,-89042000,2507912000,-403561000,514639000,-103651000,421047000,5155537000,-131719000,6141462000,178721000,5962740000,3578060000
PCAR,2015,23,18,11,13,34,9,2016400000,15292100000,2455100000,5549400000,3379200000,339500000,5795000000,278800000,2556000000,848000000,1604000000,7536800000,-179800000,21109800000,6940400000,11605100000,18671300000
PCG,2015,5,24,9,5,5,5,357000000,12713000000,1634000000,46723000000,4120000000,-12000000,15925000000,-28000000,3780000000,1319000000,888000000,5301000000,780000000,63234000000,16576000000,46406000000,16833000000
PCLN,2015,29,93,35,34,36,28,1478071000,632180000,3288549000,274786000,8591807000,166201000,6158443000,-1671386000,3102231000,212125000,2551360000,9191865000,-3068204000,17420575000,8795469000,8625106000,9223987000
PDCO,2015,15,27,8,7,18,6,347260000,2850316000,308011000,839927000,1060549000,52841000,722542000,82352000,262691000,-17357000,180083000,1630148000,-40239000,2945248000,1514123000,1431125000,3910865000
PEG,2015,13,40,28,26,21,16,394000000,6239000000,3073000000,26539000000,4176000000,-200000000,8834000000,-8000000,3919000000,523000000,1691000000,9117000000,0,37535000000,13066000000,24469000000,10415000000
PEP,2015,45,54,13,12,62,9,9096000000,28731000000,8412000000,16317000000,34325000000,1747000000,29213000000,2962000000,10580000000,1956000000,5452000000,50472000000,-4501000000,69667000000,12068000000,57599000000,63056000000
PFE,2015,11,80,24,18,14,14,3641000000,9648000000,8965000000,13766000000,39203000000,728000000,32810000000,298000000,14512000000,1805000000,6975000000,71993000000,-4897000000,1.67E+11,64720000000,1.03E+11,48851000000
PFG,2015,13,44,12,12,15,10,2564800000,6697700000,1430800000,633800000,5266700000,3217100000,3446300000,700900000,4377100000,145200000,1253200000,6875900000,-797000000,2.19E+11,9311600000,2.09E+11,11964400000
PG,2015,17,90,31,30,34,15,809102000,392709000,1239338000,1594120000,3711019000,912549000,362919000,160383000,1330780000,389988000,636056000,852700000,-367129000,5609132000,3654837000,1954295000,4103728000
PGR,2015,17,10,9,9,26,6,224400000,18705900000,2047600000,1037200000,2147900000,563100000,2707900000,116000000,2292900000,-109800000,1300500000,4686600000,-208300000,29819300000,7289400000,22529900000,20853800000
PH,2015,20,24,12,11,28,8,1180584000,9655245000,1550646000,1664022000,3056499000,-54844000,2723960000,-432971000,1301941000,49524000,1012140000,9841885000,-1395091000,12279282000,5104287000,7174995000,12711744000
PHM,2015,10,27,14,14,17,8,775435000,4353850000,816023000,81492000,1628114000,-23898000,2342382000,-533785000,-337590000,343053000,494090000,1662641000,-432203000,9189406000,4759325000,4430081000,5981964000
PKI,2015,10,45,13,11,12,9,237932000,1237859000,286134000,167029000,1024500000,-50326000,1011762000,63111000,287098000,26644000,212688000,1991431000,-61534000,4166295000,2110441000,2055854000,2262359000
PM,2015,52,24,14,13,73,9,3417000000,56479000000,10623000000,5721000000,17429000000,106000000,25250000000,1735000000,7865000000,-182000000,6873000000,29842000000,1574000000,33956000000,-13244000000,47200000000,73908000000
PNC,2015,9,0,0,34,12,25,1.19E+11,403000000,6149000000,0,0,-1788000000,0,-295000000,5496000000,285000000,4106000000,29043000000,-2513000000,3.58E+11,44710000000,3.14E+11,16270000000
PNR,2015,2,34,3,1,2,1,126300000,4263200000,180000000,942800000,2185800000,-80400000,4709300000,15900000,739300000,580900000,-65000000,1791700000,-180600000,11857000000,4008800000,7848200000,6449000000
PNW,2015,10,44,24,20,15,13,39488000,1969675000,888874000,11684969000,1525768000,-94859000,3462391000,31884000,1094327000,205775000,437257000,2092803000,19373000,15028258000,4583917000,10444341000,3495443000
PPG,2015,28,44,12,12,36,10,1311000000,8206000000,1908000000,2822000000,6560000000,192000000,4026000000,625000000,1837000000,-39000000,1359000000,15521000000,-698000000,17076000000,4983000000,12093000000,14766000000
PPL,2015,7,78,37,27,21,9,836000000,1718000000,2939000000,30382000000,5951000000,-238000000,18563000000,-563000000,2615000000,1688000000,1603000000,2953000000,203000000,39301000000,9919000000,29382000000,7669000000
PRU,2015,13,43,14,14,19,10,17612000000,32747000000,7769000000,0,24372000000,8556000000,24439000000,2694000000,13895000000,-1905000000,5712000000,18931000000,-1455000000,7.57E+11,41890000000,7.15E+11,57119000000
PSX,2015,18,22,4,6,26,4,3074000000,77693000000,6354000000,19721000000,21282000000,-2530000000,8843000000,-2133000000,5713000000,555000000,4280000000,12348000000,-1147000000,48580000000,23100000000,25480000000,98975000000
PVH,2015,13,52,9,8,14,7,556400000,3858700000,760500000,744600000,4161600000,57100000,3054300000,77100000,899600000,7900000,589000000,2561200000,-131000000,10696400000,4552300000,6144100000,8020300000
PWR,2015,10,12,3,3,7,4,128771000,6648771000,236699000,1101959000,923665000,150531000,475364000,-61744000,618183000,-114896000,131203000,1677698000,-1603676000,5213543000,3085494000,2128049000,7572436000
PX,2015,35,45,22,20,49,14,147000000,5960000000,2321000000,10998000000,4816000000,-55000000,8975000000,21000000,2682000000,215000000,1547000000,12229000000,-665000000,18319000000,4389000000,13930000000,10776000000
PYPL,2015,9,100,16,16,11,13,1393000000,0,1488000000,1344000000,9248000000,258000000,0,-808000000,2546000000,1216000000,1228000000,668000000,3933000000,28881000000,13759000000,15122000000,9248000000
QCOM,2015,17,59,23,26,21,21,7560000000,10378000000,6591000000,2534000000,14903000000,-1797000000,9969000000,-347000000,5506000000,971000000,5268000000,31226000000,-10459000000,50796000000,31421000000,19375000000,25281000000
QRVO,2015,3,40,7,7,2,11,299814000,1021658000,122662000,883371000,689308000,-11906000,0,127916000,305624000,-49435000,196303000,-410963000,-4802000,6892379000,6173160000,719219000,1710966000
R,2015,15,23,8,7,24,5,60945000,5086449000,619649000,8899705000,1485444000,-93132000,4868097000,10853000,1441788000,76591000,305989000,1667080000,17494000,10952580000,1987111000,8965469000,6571893000
REGN,2015,17,90,31,30,34,15,809102000,392709000,1239338000,1594120000,3711019000,912549000,362919000,160383000,1330780000,389988000,636056000,852700000,-367129000,5609132000,3654837000,1954295000,4103728000
RHI,2015,36,42,11,11,58,7,224577000,2980462000,581030000,142906000,2114471000,80180000,1007000,-62542000,438236000,35956000,357796000,34467000,-269609000,1671044000,1003781000,667263000,5094933000
RHT,2015,14,85,14,14,20,10,1047473000,273199000,264892000,172151000,1516290000,353733000,702939000,400731000,622795000,155275000,180201000,900373000,-496314000,3784569000,1288338000,2496231000,1789489000
RL,2015,18,57,14,13,25,9,500000000,3242000000,1004000000,1436000000,4378000000,7000000,298000000,-297000000,894000000,77000000,691000000,5787000000,-480000000,6106000000,3891000000,2215000000,7620000000
ROK,2015,37,43,19,18,50,13,1427300000,3604800000,1191200000,605600000,2703100000,31400000,1500900000,236000000,1187700000,100000000,827600000,5316900000,-538100000,6404700000,2256800000,4147900000,6307900000
ROP,2015,13,60,29,28,19,19,778511000,1417749000,1086570000,105510000,2164646000,2916000,3264417000,168081000,928825000,-9094000,696067000,4110530000,21201000,10168365000,5298947000,4869418000,3582395000
ROST,2015,41,28,14,13,65,9,761602000,8576873000,1611759000,2342906000,3363126000,-36687000,396025000,64994000,1326252000,127375000,1020661000,1574982000,-748739000,4869119000,2471991000,2397128000,11939999000
RRC,2015,26,45,74,89,38,60,471000,648968000,-885923000,6380760000,532736000,-66667000,2651303000,23000,683700000,213504000,-736180000,317587000,8298000,6900031000,2759658000,4140373000,1181704000
RSG,2015,10,39,17,13,15,8,32400000,5518600000,1560800000,7552800000,3596400000,29600000,7527400000,-42800000,1679700000,196000000,749900000,3138300000,-338800000,20535900000,7774100000,12761800000,9115000000
SBUX,2015,47,59,19,20,67,14,1530100000,7787500000,3973500000,4088300000,11375200000,308000000,2347500000,-178300000,3749100000,-222800000,2946200000,5974800000,-1605100000,12416300000,5818000000,6598300000,19162700000
SCG,2015,14,38,30,26,21,17,176000000,2714000000,1457000000,13540000000,1666000000,-192000000,5882000000,39000000,1059000000,-419000000,746000000,3118000000,14000000,17146000000,5443000000,11703000000,4380000000
SCHW,2015,11,100,36,36,17,23,31576000000,0,2411000000,1145000000,6380000000,-8000000,2890000000,615000000,1246000000,113000000,1447000000,11253000000,671000000,1.84E+11,13402000000,1.70E+11,6380000000
SEE,2015,43,37,11,6,81,3,351700000,4444900000,653600000,945700000,2586600000,81400000,4266800000,73000000,982100000,154100000,225400000,675200000,-802000000,7405000000,527100000,6877900000,7031500000
SHW,2015,121,49,14,14,178,9,205744000,5780078000,1610757000,1041862000,5559226000,170819000,1920196000,165012000,1447463000,177053000,1053849000,3228876000,-945301000,5791855000,867910000,4923945000,11339304000
SJM,2015,5,35,14,9,7,6,125600000,3724000000,602900000,1678300000,1968700000,-207300000,5944900000,-27900000,733200000,172800000,344900000,1159200000,-24300000,16806300000,7086900000,9719400000,5692700000
SLG,2015,4,68,24,16,4,17,2158997000,534326000,274087000,14620896000,1128503000,13736000,9453108000,-26010000,526484000,-375833000,302910000,1643546000,253152000,19857941000,7287465000,12570476000,1662829000
SNA,2015,20,51,21,20,29,13,92800000,1774600000,762400000,413500000,1818500000,25400000,861700000,-40100000,507200000,59500000,478700000,2986900000,-68800000,4331100000,2412700000,1918400000,3593100000
SNI,2015,40,67,37,37,74,20,223444000,987357000,1229911000,293230000,2030870000,116100000,3511098000,-654720000,814214000,-908212000,687744000,305386000,-1133148000,6672314000,1523931000,5148383000,3018227000
SO,2015,11,44,24,21,17,14,1404000000,9811000000,4469000000,62354000000,7678000000,-567000000,24688000000,694000000,6274000000,1218000000,2421000000,0,70000000,78318000000,21982000000,56218000000,17489000000
SPG,2015,48,82,51,35,41,41,701134000,960192000,2778266000,23547738000,4305911000,35542000,22502173000,88852000,3024685000,-276687000,2139375000,-4266930000,-504725000,30650673000,4471464000,26179209000,5266103000
SPGI,2015,596,100,36,34,936,22,1481000000,0,1917000000,270000000,5313000000,-1665000000,3468000000,-1016000000,195000000,531000000,1268000000,7636000000,-904000000,8183000000,194000000,7989000000,5313000000
SPLS,2015,7,26,3,2,9,2,825000000,15545000000,631000000,1586000000,5514000000,33000000,1018000000,198000000,978000000,153000000,379000000,6900000000,17000000,10172000000,5376000000,4796000000,21059000000
SRCL,2015,10,42,16,14,15,9,55634000,1719723000,488405000,665602000,1266185000,47811000,3052639000,33398000,390328000,2026000,267046000,1868645000,576448000,7077450000,2729891000,4347559000,2985908000
SRE,2015,11,35,19,16,14,13,430000000,6648000000,2161000000,28039000000,3583000000,130000000,13283000000,-167000000,2905000000,-492000000,1350000000,9994000000,-22000000,41150000000,11809000000,29341000000,10231000000
STI,2015,8,0,0,32,12,23,33424000000,219000000,2989000000,1502000000,0,-190000000,1263000000,-2630000000,3496000000,-328000000,1933000000,14686000000,-679000000,1.91E+11,23437000000,1.67E+11,8533000000
STT,2015,9,0,0,21,11,18,1.81E+11,0,2698000000,1894000000,0,-48000000,0,-648000000,-1403000000,820000000,1980000000,16049000000,-996000000,2.45E+11,21103000000,2.24E+11,10760000000
STX,2015,58,28,15,14,65,13,2479000000,9930000000,2177000000,2278000000,3809000000,-210000000,4155000000,-155000000,2647000000,206000000,1742000000,-2686000000,-989000000,9845000000,3018000000,6827000000,13739000000
STZ,2015,15,43,25,20,20,14,110100000,3449400000,1517300000,2681600000,2578600000,45500000,7086000000,46200000,1081000000,137600000,860800000,5277500000,178700000,15093000000,5770700000,9322300000,6028000000
SWK,2015,15,36,12,10,20,8,465400000,7099800000,1331200000,1450200000,4072000000,-139800000,3792100000,-31200000,1182300000,124700000,903800000,4491700000,-519800000,15127800000,5811600000,9316200000,11171800000
SWKS,2015,25,48,31,31,32,24,1043600000,1703900000,1023600000,826400000,1554500000,196500000,0,237800000,992800000,60000000,798300000,1469200000,-234500000,3719400000,3159200000,560200000,3258400000
SWN,2015,200,78,208,209,288,145,15000000,689000000,-6505000000,7543000000,2444000000,-97000000,4728000000,-38000000,1580000000,4879000000,-4556000000,-1082000000,2342000000,8110000000,2282000000,5828000000,3133000000
SYF,2015,18,0,0,26,28,16,15467000000,607000000,4059000000,0,0,803000000,0,497000000,6184000000,2657000000,2214000000,3293000000,0,84135000000,12604000000,71531000000,13620000000
SYK,2015,17,66,19,17,20,14,3379000000,3344000000,1735000000,1199000000,6602000000,-1388000000,3230000000,1584000000,899000000,503000000,1439000000,7792000000,-700000000,16223000000,8511000000,7712000000,9946000000
SYMC,2015,15,82,4,3,2,22,2843000000,727000000,179000000,950000000,3229000000,-528000000,1746000000,-833000000,1312000000,-669000000,109000000,-270000000,-384000000,13233000000,5935000000,7298000000,3956000000
SYY,2015,13,18,3,2,19,1,5130044000,40129236000,1262954000,3982143000,8551516000,398575000,2271825000,4716998000,1555484000,62852000,686773000,8751985000,240176000,17989281000,5260224000,12729057000,48680752000
T,2015,11,54,17,14,17,9,5121000000,67046000000,24812000000,1.24E+11,79755000000,556000000,1.19E+11,-3482000000,35880000000,3423000000,13424000000,33671000000,-126000000,4.03E+11,1.23E+11,2.80E+11,1.47E+11
TAP,2015,5,39,15,12,6,10,430900000,2163500000,531000000,1590800000,1404000000,-114900000,2908700000,-150300000,715900000,-600000,358900000,4496000000,-115500000,12276300000,7043000000,5233300000,3567500000
TDC,2015,25,50,8,6,17,8,839000000,1254000000,-135000000,143000000,1276000000,16000000,570000000,5000000,401000000,436000000,-214000000,-204000000,-657000000,2530000000,849000000,1681000000,2530000000
TDG,2015,43,54,40,24,61,17,714033000,1257270000,1055609000,260684000,1449845000,43396000,8106383000,-105515000,520938000,-15346000,447212000,-1717232000,61674000,8303935000,-1038306000,9342241000,2707115000
TEL,2015,25,33,14,13,16,20,3329000000,8146000000,1711000000,2920000000,4087000000,-217000000,3386000000,872000000,1913000000,-839000000,1238000000,6673000000,-920000000,20589000000,9585000000,11004000000,12233000000
TGNA,2015,21,70,30,20,28,15,129200000,923336000,896565000,458319000,2127609000,-99232000,4200816000,10716000,613106000,-67069000,420622000,7111129000,-271030000,8537758000,2191971000,6345787000,3050945000
TGT,2015,26,30,7,7,38,5,4046000000,51997000000,5530000000,25217000000,21788000000,534000000,11945000000,1836000000,5844000000,-881000000,3321000000,8188000000,-3069000000,40262000000,12957000000,27305000000,73785000000
TIF,2015,16,61,19,17,24,11,843600000,1613600000,758900000,935800000,2491300000,-24600000,798100000,113600000,813600000,149500000,463900000,2012500000,-218400000,5129700000,2911400000,2218300000,4104900000
TJX,2015,52,29,12,12,83,8,2493775000,20776522000,3589671000,3868365000,8301885000,451000000,1623864000,344029000,3008369000,115748000,2198298000,4133882000,-1507699000,10988750000,4264230000,6724520000,29078407000
TMK,2015,13,46,20,20,19,14,61383000,2016212000,842829000,0,1749853000,645811000,1233862000,-4636000,1120050000,-3848000,516293000,3614369000,-382568000,19853213000,4055552000,15797661000,3766065000
TMO,2015,9,46,14,11,9,12,452100000,9209500000,1936400000,2448800000,7755900000,145000000,11473900000,-891400000,2816900000,-401100000,1980300000,12142300000,-376000000,40889000000,21350200000,19538800000,16965400000
TRIP,2015,14,96,16,16,17,13,614000000,58000000,249000000,247000000,1434000000,67000000,200000000,159000000,382000000,55000000,198000000,826000000,12000000,2128000000,1412000000,716000000,1492000000
TRV,2015,15,49,18,18,20,13,380000000,13723000000,5113000000,0,13092000000,248000000,6640000000,6000000,3434000000,-104000000,3439000000,29945000000,-3041000000,1.00E+11,23598000000,76586000000,26815000000
TSCO,2015,29,34,10,10,46,7,63813000,4083333000,650508000,847576000,2143174000,89588000,166992000,12679000,429180000,-12747000,410395000,2225601000,-254013000,2370826000,1393294000,977532000,6226507000
TSN,2015,13,9,5,5,20,3,688000000,37456000000,2214000000,5176000000,3917000000,-8000000,5975000000,250000000,2570000000,286000000,1220000000,6813000000,-411000000,22969000000,9691000000,13278000000,41373000000
TSO,2015,30,22,10,9,50,5,942000000,22466000000,2847000000,9541000000,6245000000,-863000000,4067000000,-58000000,2131000000,150000000,1694000000,5954000000,-532000000,16332000000,5213000000,11119000000,28711000000
TSS,2015,20,33,19,18,27,13,389328000,1855181000,496888000,289898000,924360000,-29853000,1383634000,100145000,600194000,48220000,367630000,2256058000,-183599000,3908300000,1843018000,2065282000,2779541000
TXN,2015,30,58,33,32,42,23,1000000000,5440000000,4306000000,2596000000,7560000000,-170000000,3120000000,-199000000,4268000000,146000000,2986000000,31176000000,-2299000000,16230000000,9946000000,6284000000,13000000000
TXT,2015,14,18,8,7,20,5,1005000000,10979000000,1140000000,2492000000,2444000000,-43000000,3348000000,183000000,1090000000,111000000,698000000,5298000000,-187000000,14708000000,4964000000,9744000000,13423000000
UA,2015,14,48,10,10,23,6,129852000,2057766000,401313000,538531000,1905547000,39010000,627000000,-463323000,-44104000,130249000,232573000,1076533000,10310000,2868900000,1668222000,1200678000,3963313000
UAA,2015,14,48,10,10,23,6,129852000,2057766000,401313000,538531000,1905547000,39010000,627000000,-463323000,-44104000,130249000,232573000,1076533000,10310000,2868900000,1668222000,1200678000,3963313000
UAL,2015,82,68,14,11,47,19,3058000000,12130000000,4839000000,21580000000,25734000000,-728000000,10400000000,1004000000,5992000000,-2264000000,7340000000,3457000000,-1217000000,40861000000,8966000000,31895000000,37864000000
UDR,2015,12,68,18,11,4,38,27540000,282037000,223471000,6531627000,612601000,-9590000,3570795000,-8482000,431615000,-311280000,105482000,-1584459000,210011000,7663844000,2899755000,4764089000,894638000
UHS,2015,16,100,14,13,27,8,61228000,0,1259395000,3835978000,9043451000,90202000,3387303000,29159000,1020898000,36356000,680528000,4566521000,-201341000,9634113000,4249647000,5384466000,9043451000
ULTA,2015,21,35,13,13,33,8,389149000,2104582000,411309000,717159000,1136787000,80140000,0,-30327000,396592000,25408000,257135000,679593000,-30872000,1983170000,1247509000,735661000,3241369000
UNH,2015,17,34,7,7,30,4,10923000000,1.04E+11,11021000000,4861000000,53232000000,4102000000,31965000000,3428000000,9740000000,98000000,5868000000,37125000000,-916000000,1.11E+11,33830000000,77424000000,1.57E+11
UNM,2015,10,33,12,12,14,8,112900000,7209400000,1391100000,523900000,3521900000,313900000,3242900000,10400000,1292100000,-150300000,867100000,7995200000,-411500000,60589700000,8663900000,51925800000,10731300000
UNP,2015,23,80,37,35,37,22,1391000000,4434000000,8278000000,48866000000,17379000000,-361000000,13607000000,-195000000,7344000000,737000000,4772000000,30233000000,-3465000000,54600000000,20702000000,33898000000,21813000000
UPS,2015,196,78,13,13,297,8,2730000000,12947000000,7683000000,18352000000,45416000000,-216000000,11316000000,439000000,7430000000,809000000,4844000000,6001000000,-2453000000,38311000000,2470000000,35841000000,58363000000
URBN,2015,18,35,11,11,27,7,154558000,2148147000,363450000,889232000,1174930000,48543000,0,-87500000,322321000,13882000,232428000,1343383000,10693000,1888741000,1327969000,560772000,3323077000
USB,2015,27,34,12,12,37,9,189900000,1562600000,303800000,470600000,808600000,-17200000,389200000,-106500000,212800000,22300000,208100000,815200000,-243200000,1809500000,774800000,1034700000,2371200000
UTX,2015,28,28,13,12,24,14,7075000000,40431000000,7291000000,8732000000,15667000000,343000000,19320000000,1630000000,6755000000,1687000000,3996000000,49956000000,-8859000000,87484000000,27358000000,60126000000,56098000000
V,2015,21,85,65,65,30,46,4590000000,2079000000,8998000000,1888000000,11801000000,-893000000,0,1547000000,6584000000,3307000000,6328000000,11843000000,-2828000000,39367000000,29842000000,9525000000,13880000000
VAR,2015,24,41,18,18,32,13,845500000,1816400000,562600000,379200000,1282700000,64100000,337500000,-3800000,469600000,54200000,411500000,1017800000,-347300000,3578700000,1711600000,1867100000,3099100000
VFC,2015,23,48,13,13,29,10,945605000,6393800000,1669803000,988159000,5982944000,-52994000,1401820000,-26290000,1146510000,-7417000,1231593000,3128731000,-701752000,9639542000,5384838000,4254704000,12376744000
VIAB,2015,54,48,23,19,71,14,506000000,6868000000,3160000000,4563000000,6400000000,-9000000,12267000000,-494000000,2313000000,-76000000,2002000000,14780000000,-1402000000,22143000000,3538000000,18605000000,13268000000
VLO,2015,19,15,7,7,29,5,4114000000,74651000000,6404000000,26703000000,13153000000,0,7250000000,425000000,5611000000,955000000,4101000000,25188000000,-2610000000,44343000000,20527000000,23816000000,87804000000
VMC,2015,5,25,16,10,7,6,285210000,2564648000,548445000,3156290000,857533000,10394000,1980334000,142787000,503378000,46042000,232914000,1618507000,51496000,8301632000,4454188000,3847444000,3422181000
VNO,2015,11,60,30,29,11,30,1943506000,1011249000,1100498000,14671870000,1491018000,-48067000,11091010000,637230000,672150000,-412332000,807168000,-1766780000,61281000,21143293000,6697595000,14445698000,2502267000
VRSK,2015,37,61,36,35,52,25,138348000,803274000,838752000,418168000,1264736000,-63307000,2293179000,98989000,623687000,-97937000,507577000,2161726000,739223000,5615927000,1372011000,4243916000,2068010000
VRSN,2015,35,82,57,46,46,35,228659000,192788000,595281000,295570000,866578000,92001000,1235354000,37051000,651482000,29201000,375236000,-18625599000,-628479000,2357737000,-1070447000,3428184000,1059366000
VRTX,2015,59,88,45,54,59,54,793678000,124512000,-473594000,697715000,907824000,51303000,739503000,89509000,-365432000,246356000,-588181000,-5261784000,185592000,2498875000,939967000,1558908000,1032336000
VTR,2015,4,57,22,11,4,13,53023000,1410205000,733200000,18280798000,1875141000,10687000,11206996000,-1803000,1391767000,-35440000,389539000,-2111958000,454016000,22261918000,9564327000,12697591000,3285346000
VZ,2015,109,60,25,21,172,14,4470000000,52557000000,33160000000,93808000000,79063000000,2545000000,1.04E+11,-6128000000,38930000000,3506000000,17793000000,11246000000,-5094000000,2.45E+11,16428000000,2.28E+11,1.32E+11
WAT,2015,23,59,28,27,26,23,487665000,842672000,578162000,333355000,1199660000,54738000,1493027000,65488000,560293000,44501000,469053000,4863566000,-282645000,4268677000,2058851000,2209826000,2042332000
WDC,2015,16,29,11,11,17,10,5024000000,10351000000,1626000000,2965000000,4221000000,-1005000000,2149000000,220000000,2242000000,256000000,1465000000,9107000000,-758000000,15170000000,9219000000,5951000000,14572000000
WEC,2015,7,33,21,18,12,11,49800000,3949400000,1405500000,19189700000,1976700000,4800000,9124100000,-12100000,1293600000,297700000,736400000,4299800000,-97300000,29355200000,8685200000,20670000000,5926100000
WFC,2015,12,0,0,37,17,25,7.14E+11,963000000,36654000000,8704000000,0,-6804000000,0,-460000000,14772000000,-47580000000,22894000000,1.21E+11,-4231000000,1.79E+12,1.93E+11,1.59E+12,90033000000
WFM,2015,14,35,6,6,23,3,364000000,9973000000,878000000,3163000000,5416000000,132000000,62000000,47000000,1129000000,96000000,536000000,2017000000,-447000000,5741000000,3769000000,1972000000,15389000000
WHR,2015,17,18,6,5,22,4,772000000,17201000000,1196000000,3774000000,3690000000,-76000000,3470000000,-254000000,1225000000,-63000000,783000000,6722000000,-212000000,19010000000,4743000000,13336000000,20891000000
WLTW,2015,17,100,11,9,15,10,532000000,0,482000000,563000000,3829000000,928000000,3266000000,-59000000,243000000,-144000000,373000000,1597000000,37000000,18839000000,2229000000,16610000000,3829000000
WM,2015,14,36,16,8,20,6,39000000,8231000000,1445000000,10665000000,4730000000,-209000000,8676000000,-1268000000,2498000000,789000000,160000000,6939000000,-524000000,20367000000,5345000000,15022000000,12961000000
WMB,2015,9,53,3,23,28,8,100000000,3434000000,-669000000,29579000000,3926000000,-64000000,23812000000,-140000000,2678000000,2335000000,-1314000000,-7960000000,197000000,49020000000,6148000000,42872000000,7360000000
WMT,2015,20,25,6,5,30,3,9135000000,3.65E+11,27260000000,1.17E+11,1.21E+11,4093000000,43495000000,1854000000,28564000000,-3000000,16814000000,85777000000,-2859000000,2.03E+11,81394000000,1.22E+11,4.86E+11
WRK,2015,4,19,8,7,6,5,215100000,8986500000,866700000,9159800000,2138300000,-211800000,5558200000,195700000,1203600000,93900000,501200000,1661600000,-1023800000,25372400000,11651800000,13720600000,11124800000
WU,2015,60,42,20,17,67,15,1315900000,3199400000,1109700000,231800000,2284300000,46700000,0,-467300000,1071100000,23800000,837800000,977300000,-435500000,9458900000,1404900000,8054000000,5483700000
WY,2015,10,20,13,7,10,7,1012000000,5694000000,850000000,9261000000,1388000000,-118000000,4891000000,-568000000,1064000000,202000000,506000000,1349000000,-484000000,12486000000,4869000000,7617000000,7082000000
WYN,2015,64,51,18,17,96,11,171000000,2700000000,1041000000,2363000000,2836000000,130000000,4955000000,-12000000,991000000,358000000,612000000,1592000000,-658000000,9716000000,950000000,8766000000,5536000000
WYNN,2015,174,38,16,7,258,5,2080089000,2530374000,590153000,7477478000,1545509000,-220361000,9212765000,-102075000,572813000,145838000,71109000,55332000,-8564000,10522259000,-111979000,10634238000,4075883000
XEC,2015,86,64,258,260,135,166,779382000,519874000,-3727227000,3506155000,932745000,-276735000,1485620000,373520000,691500000,2373607000,-2408948000,33313000,773539000,5243286000,2797678000,2445608000,1452619000
XEL,2015,9,36,18,14,14,9,84940000,7033633000,2122486000,31205851000,3990853000,-175214000,12490719000,5332000,3025839000,716728000,1018875000,3552728000,7011000,39053535000,10600920000,28452615000,11024486000
XL,2015,10,33,10,10,8,13,3411228000,6199645000,1114246000,0,3109281000,-427856000,4762697000,734422000,615556000,-415658000,928192000,2077349000,-435385000,58682938000,11677079000,47005859000,9308926000
XLNX,2015,25,70,32,31,28,27,892572000,708823000,755078000,301038000,1668521000,-40849000,994839000,-81105000,790780000,86243000,648216000,1966278000,-598345000,4898065000,2611594000,2286471000,2377344000
XOM,2015,9,36,5,8,13,6,3705000000,1.66E+11,22277000000,2.52E+11,93898000000,-7471000000,25342000000,-911000000,30344000000,-750000000,23794000000,4.12E+11,-4034000000,3.37E+11,1.71E+11,1.66E+11,2.59E+11
XRAY,2015,11,57,14,12,14,9,284600000,1157100000,385600000,558800000,1517200000,13100000,1141000000,133000000,497400000,74000000,251200000,3591000000,-157700000,4402900000,2338000000,2064900000,2674300000
XRX,2015,5,29,2,2,5,3,1368000000,12782000000,412000000,1491000000,5263000000,221000000,6382000000,-43000000,1611000000,-77000000,570000000,9686000000,-1334000000,24817000000,9074000000,15743000000,18045000000
XYL,2015,16,38,12,11,19,9,680000000,2249000000,458000000,439000000,1404000000,6000000,1196000000,17000000,464000000,-24000000,340000000,885000000,-158000000,4657000000,2084000000,2573000000,3653000000
YHOO,2015,15,58,96,97,17,88,1631911000,2077748000,-4813176000,1547323000,2890553000,-3427810000,1233485000,-1032187000,-2383422000,4692826000,-4347982000,4570807000,-144641000,45203966000,29043537000,16160429000,4968301000
YUM,2015,142,29,15,14,196,10,840000000,9359000000,1921000000,4189000000,3746000000,148000000,3054000000,159000000,2139000000,-111000000,1293000000,1150000000,-1188000000,8075000000,911000000,7164000000,13105000000
ZBH,2015,1,70,8,3,2,2,1459300000,1800600000,439800000,2062600000,4197200000,-263100000,11556300000,376000000,816700000,341200000,147000000,8347700000,-44800000,27219500000,9887900000,17331600000,5997800000
ZION,2015,4,0,0,20,6,14,15763133000,49344000,520726000,912554000,0,-5759000,0,-43623000,535169000,139531000,309471000,1966910000,-153277000,59669525000,7507519000,52162006000,2210591000
ZTS,2015,32,64,16,11,51,7,1154000000,1738000000,669000000,1307000000,3027000000,87000000,4526000000,272000000,664000000,334000000,339000000,876000000,-192000000,7913000000,1068000000,6845000000,4765000000
